reference_id,school,division,conference,city,state,coaching_staff_url,camp_url,recruiting_questionnaire_url,program_x_url,source_url,snapshot_date,logo_url,distance_miles
abilene-christian-texas-d1-fcs,Abilene Christian,D1-FCS,UAC,Abilene,Texas,https://acusports.com/sports/football/coaches,https://www.acufootballcamps.com/,https://questionnaires.armssoftware.com/66ab96eced0a,https://x.com/ACUFootball,https://www.lewisvillerecruiting.com/college-search-tool,2026-09-23,https://a.espncdn.com/i/teamlogos/ncaa/500/2000.png,256
adams-state-university-colorado-d2,Adams State University,D2,RMAC,Alamosa,Colorado,https://asugrizzlies.com/sports/football/coaches,https://asugrizzlies.com/sports/football,https://asugrizzlies.com/sports/football,https://x.com/adamstateFB,https://www.lewisvillerecruiting.com/college-search-tool,2026-09-23,https://a.espncdn.com/i/teamlogos/ncaa/500/2001.png,482
adrian-college-michigan-d3,Adrian College,D3,MIAA,Adrian,Michigan,https://adrianbulldogs.com/sports/football/roster/2025#sidearm-roster-coaches,https://docs.google.com/forms/d/1YUUIqjszIFHF-pjhnxxVmpOP3465eLaMq2NNidXaMqw/closedform,https://adrianbulldogs.com/sports/2021/5/27/student-athlete-forms.aspx,https://x.com/AdrianCollegeFB,https://www.lewisvillerecruiting.com/college-search-tool,2026-09-23,https://a.espncdn.com/i/teamlogos/ncaa/500/2003.png,841
air-force-colorado-d1-fbs,Air Force,D1-FBS,Mountain West,Colorado Springs,Colorado,https://goairforcefalcons.com/sports/football/coaches,https://goairforcefalcons.com/sports/2018/6/21/camps-saturday-night-thunder-html,https://questionnaires.armssoftware.com/eff272a5aeb4,https://x.com/AF_Football,https://www.lewisvillerecruiting.com/college-search-tool,2026-09-23,https://a.espncdn.com/i/teamlogos/ncaa/500/2005.png,460
akron-ohio-d1-fbs,Akron,D1-FBS,MAC,Akron,Ohio,https://gozips.com/sports/football/coaches,https://joemoorheadfootball.totalcamps.com/About%20Us,https://questionnaires.armssoftware.com/3242f548bc75,https://x.com/ZipsFB,https://www.lewisvillerecruiting.com/college-search-tool,2026-09-23,https://a.espncdn.com/i/teamlogos/ncaa/500/2006.png,941
alabama-alabama-d1-fbs,Alabama,D1-FBS,SEC,Tuscaloosa,Alabama,https://rolltide.com/sports/football/coaches,https://www.alabamafootballcamp.com/,https://rolltide.com/sports/football,https://x.com/AlabamaFTBL,https://www.lewisvillerecruiting.com/college-search-tool,2026-09-23,https://a.espncdn.com/i/teamlogos/ncaa/500/333.png,589
alabama-a-m-alabama-d1-fcs,Alabama A&M,D1-FCS,SWAC,Normal,Alabama,https://aamusports.com/sports/football/coaches,https://aamusports.com/sports/football,https://questionnaires.armssoftware.com/82f1cd606714,https://x.com/AamufbR,https://www.lewisvillerecruiting.com/college-search-tool,2026-09-23,https://a.espncdn.com/i/teamlogos/ncaa/500/2010.png,618
alabama-state-alabama-d1-fcs,Alabama State,D1-FCS,SWAC,Montgomery,Alabama,https://bamastatesports.com/sports/football/coaches,https://www.eddierobinsonjrfootballcamps.com/,https://www.fieldlevel.com/alasu/football/recruiting,https://x.com/bamastatefb,https://www.lewisvillerecruiting.com/college-search-tool,2026-09-23,https://a.espncdn.com/i/teamlogos/ncaa/500/2011.png,679
albany-new-york-d1-fcs,Albany,D1-FCS,CAA,Albany,New York,https://ualbanysports.com/sports/football/coaches,https://greatdanesfootball.totalcamps.com/About%20Us,https://questionnaires.armssoftware.com/ce2ee88e7302?path=football,https://x.com/ualbanyfootball,https://www.lewisvillerecruiting.com/college-search-tool,2026-09-23,,1354
albany-state-university-georgia-d2,Albany State University,D2,SIAC,Albany,Georgia,https://asugoldenrams.com/sports/football/coaches,https://asugoldenrams.com/sports/football,https://questionnaires.armssoftware.com/ce2ee88e7302?path=football,https://x.com/asugoldenramsfb,https://www.lewisvillerecruiting.com/college-search-tool,2026-09-23,https://a.espncdn.com/i/teamlogos/ncaa/500/2013.png,816
albion-college-michigan-d3,Albion College,D3,MIAA,Albion,Michigan,https://gobrits.com/sports/football/roster?path=football#sidearm-roster-coaches,https://gobrits.com/sports/2021/7/20/information-team-camps,https://gobrits.com/sports/football,https://x.com/albionfootball,https://www.lewisvillerecruiting.com/college-search-tool,2026-09-23,https://a.espncdn.com/i/teamlogos/ncaa/500/2790.png,820
albright-college-pennsylvania-d3,Albright College,D3,MAC,Reading,Pennsylvania,https://albrightathletics.com/sports/football/coaches,https://albrightathletics.com/sports/2009/7/22/GEN_0722093632.aspx,https://albrightathletics.com/sports/2010/5/26/GEN_0526100955,https://x.com/albright_fball,https://www.lewisvillerecruiting.com/college-search-tool,2026-09-23,https://a.espncdn.com/i/teamlogos/ncaa/500/2015.png,1214
alcorn-state-mississippi-d1-fcs,Alcorn State,D1-FCS,SWAC,Lorman,Mississippi,https://alcornsports.com/sports/football/coaches,https://alcornsports.com/sports/football,https://alcornsports.com/sports/football,https://x.com/BRAVESSPORTS,https://www.lewisvillerecruiting.com/college-search-tool,2026-09-23,https://a.espncdn.com/i/teamlogos/ncaa/500/2016.png,454
alfred-state-college-new-york-d3,Alfred State College,D3,AMCC,Alfred,New York,https://alfredstateathletics.com/sports/football/coaches,https://alfredstateathletics.com/sports/football,https://www.fieldlevel.com/alfredstate/football/recruiting,https://x.com/alfredstatefb,https://www.lewisvillerecruiting.com/college-search-tool,2026-09-23,https://a.espncdn.com/i/teamlogos/ncaa/500/3162.png,1148
alfred-university-new-york-d3,Alfred University,D3,Empire 8,Alfred,New York,https://gosaxons.com/sports/football/coaches,https://gosaxons.com/sports/football,https://gosaxons.com/sports/football,https://x.com/AUSaxonFootball,https://www.lewisvillerecruiting.com/college-search-tool,2026-09-23,https://a.espncdn.com/i/teamlogos/ncaa/500/365.png,1148
allan-hancock-college-california-juco,Allan Hancock College,JUCO,Pacific,Santa Maria,California,https://athletics.hancockcollege.edu/sports/fball/coaches/index,https://athletics.hancockcollege.edu/sports/fball,https://athletics.hancockcollege.edu/sports/fball,https://x.com/ahancockfball,https://www.lewisvillerecruiting.com/college-search-tool,2026-09-23,,1292
allegheny-college-pennsylvania-d3,Allegheny College,D3,PAC,Meadville,Pennsylvania,https://alleghenygators.com/sports/football/coaches,https://alleghenygators.com/sports/2018/4/3/camps-and-clinics.aspx?id=580,https://alleghenygators.com/sb_output.aspx?frform=7&path=football,https://x.com/alleghenyfb,https://www.lewisvillerecruiting.com/college-search-tool,2026-09-23,https://a.espncdn.com/i/teamlogos/ncaa/500/2018.png,1020
allen-university-south-carolina-d2,Allen University,D2,SIAC,Columbia,South Carolina,https://auyellowjackets.com/sports/football/coaches,https://auyellowjackets.com/sports/football,https://questionnaires.armssoftware.com/42c2b39d84c9,https://x.com/auyellowjackets,https://www.lewisvillerecruiting.com/college-search-tool,2026-09-23,https://a.espncdn.com/i/teamlogos/ncaa/500/2019.png,938
alma-college-michigan-d3,Alma College,D3,MIAA,Alma,Michigan,https://almascots.com/sports/football/coaches,https://almascots.com/sports/2023/5/9/camps-index.aspx,https://www.fieldlevel.com/alma/football/recruiting,https://x.com/almascotsfb,https://www.lewisvillerecruiting.com/college-search-tool,2026-09-23,https://a.espncdn.com/i/teamlogos/ncaa/500/2800.png,865
alvernia-university-pennsylvania-d3,Alvernia University,D3,MAC,Reading,Pennsylvania,https://auwolves.com/staff-directory/football-department/50,https://auwolves.com/sports/football,https://auwolves.com/sports/2019/1/18/alvernia-football-recruiting-form.aspx?id=1252,https://x.com/alverniafb,https://www.lewisvillerecruiting.com/college-search-tool,2026-09-23,https://a.espncdn.com/i/teamlogos/ncaa/500/111674.png,1214
american-international-college-massachusetts-d2,American International College,D2,NE-10,Springfield,Massachusetts,https://aicyellowjackets.com/sports/football/coaches,https://aicyellowjacketscamps.com/,https://www.fieldlevel.com/aic/football/recruiting,https://x.com/AICFootball,https://www.lewisvillerecruiting.com/college-search-tool,2026-09-23,https://a.espncdn.com/i/teamlogos/ncaa/500/2022.png,1405
american-river-college-california-juco,American River College,JUCO,NorCal,Sacramento,California,https://www.arcbeavers.com/sports/fball/coaches/index,https://www.arcbeavers.com/sports/fball/index,https://www.fieldlevel.com/arc/football/recruiting,https://x.com/arcbeaverball,https://www.lewisvillerecruiting.com/college-search-tool,2026-09-23,,1335
amherst-college-massachusetts-d3,Amherst College,D3,NESCAC,Amherst,Massachusetts,https://athletics.amherst.edu/sports/football/coaches,https://athletics.amherst.edu/sports/2020/6/15/information-camps-clinics-copy.aspx,https://questionnaires.armssoftware.com/35156960911d,https://x.com/amherstcollfb,https://www.lewisvillerecruiting.com/college-search-tool,2026-09-23,https://a.espncdn.com/i/teamlogos/ncaa/500/7.png,1412
anderson-university-indiana-indiana-d3,Anderson University - Indiana,D3,HCAC,Anderson,Indiana,https://athletics.anderson.edu/sports/fball/2025-26/roster?jsRendering=true#coaching-staff,https://athletics.anderson.edu/sports/fball,https://questionnaires.armssoftware.com/fe05a4f4ac9f,https://x.com/_ahs_football,https://www.lewisvillerecruiting.com/college-search-tool,2026-09-23,,712
anderson-university-south-carolina-south-carolina-d2,Anderson University - South Carolina,D2,SAC,Anderson,South Carolina,https://autrojans.com/sports/football/roster#sidearm-roster-coaches,https://andersonfootballcamps.totalcamps.com/About%20Us,https://questionnaires.armssoftware.com/fe05a4f4ac9f,https://x.com/AUTrojansFB,https://www.lewisvillerecruiting.com/college-search-tool,2026-09-23,,841
andrew-college-georgia-naia,Andrew College,NAIA,AAC,Cuthbert,Georgia,https://andrewfightingtigers.com/sports/football/coaches,https://andrewfightingtigers.com/sports/football,https://andrewfightingtigers.com/sports/2026/6/25/recruits-prospective-athlete.aspx,https://x.com/TigersAndrew,https://www.lewisvillerecruiting.com/college-search-tool,2026-09-23,,776
angelo-state-university-texas-d2,Angelo State University,D2,LSC,San Angelo,Texas,https://angelosports.com/sports/football/coaches,https://www.ramfootballcamps.com/,https://www.fieldlevel.com/angelo/football/recruiting,https://x.com/AngeloStateFB,https://www.lewisvillerecruiting.com/college-search-tool,2026-09-23,https://a.espncdn.com/i/teamlogos/ncaa/500/2025.png,336
anna-maria-massachusetts-d3,Anna Maria,D3,ECFC,Paxton,Massachusetts,https://annamaria.prestosports.com/site-in-maintenance,https://annamaria.prestosports.com/site-in-maintenance,https://annamaria.prestosports.com/site-in-maintenance,https://x.com/AMCAT_Football,https://www.lewisvillerecruiting.com/college-search-tool,2026-09-23,,1441
antelope-valley-college-california-juco,Antelope Valley College,JUCO,Pacific,Lancaster,California,https://gomarauders.avc.edu/sports/fball/coaches/index,https://gomarauders.avc.edu/sports/fball/index,https://www.fieldlevel.com/yceqmc3c/football/recruiting,https://x.com/avcfootball,https://www.lewisvillerecruiting.com/college-search-tool,2026-09-23,,1166
appalachian-state-north-carolina-d1-fbs,Appalachian State,D1-FBS,Sun Belt,Boone,North Carolina,https://appstatesports.com/sports/football/coaches,https://www.dowellloggainsfootballcamps.com/,https://questionnaires.armssoftware.com/a6373a93722b,https://x.com/AppState_FB,https://www.lewisvillerecruiting.com/college-search-tool,2026-09-23,,884
arizona-arizona-d1-fbs,Arizona,D1-FBS,Big 12,Tucson,Arizona,https://arizonawildcats.com/sports/football/coaches,https://www.brentbrennanfootballcamps.com/,https://arizonawildcats.com/sports/football,https://x.com/ArizonaFBall,https://www.lewisvillerecruiting.com/college-search-tool,2026-09-23,https://a.espncdn.com/i/teamlogos/ncaa/500/12.png,806
arizona-christian-university-arizona-naia,Arizona Christian University,NAIA,GSAC,Phoenix,Arizona,https://acufirestorm.com/sports/football/coaches,https://acufirestorm.com/sports/2022/11/29/798_133142257171797693.aspx,https://acufirestorm.com/sports/football,https://x.com/firestormfb,https://www.lewisvillerecruiting.com/college-search-tool,2026-09-23,,844
arizona-state-arizona-d1-fbs,Arizona State,D1-FBS,Big 12,Tempe,Arizona,https://thesundevils.com/sports/football/roster#coaches,https://arizonastatefootballcamps.totalcamps.com/About%20Us,https://www.fieldlevel.com/asu/football/recruiting,https://x.com/ASUFootball,https://www.lewisvillerecruiting.com/college-search-tool,2026-09-23,https://a.espncdn.com/i/teamlogos/ncaa/500/9.png,835
arkansas-arkansas-d1-fbs,Arkansas,D1-FBS,SEC,Fayetteville,Arkansas,https://arkansasrazorbacks.com/sport/m-footbl/roster/#coaches,https://www.arkansasrazorbackfootballcamps.com/,https://questionnaires.armssoftware.com/567edf1eacb2,https://x.com/RazorbackFB,https://www.lewisvillerecruiting.com/college-search-tool,2026-09-23,https://a.espncdn.com/i/teamlogos/ncaa/500/8.png,188
arkansas-baptist-college-arkansas-juco,Arkansas Baptist College,JUCO,Independent,Little Rock,Arkansas,https://abcbuffaloes.com/sports/football,https://abcbuffaloes.com/sports/football,https://www.fieldlevel.com/yxvpvw3l/football/recruiting,https://x.com/abc_football,https://www.lewisvillerecruiting.com/college-search-tool,2026-09-23,,300
arkansas-state-arkansas-d1-fbs,Arkansas State,D1-FBS,Sun Belt,Jonesboro,Arkansas,https://astateredwolves.com/sports/football,https://arkansasstatefootballcamps.totalcamps.com/About%20Us?path=football,https://astateredwolves.com/sports/football,https://x.com/AStateFB,https://www.lewisvillerecruiting.com/college-search-tool,2026-09-23,https://a.espncdn.com/i/teamlogos/ncaa/500/2032.png,380
arkansas-tech-university-arkansas-d2,Arkansas Tech University,D2,GAC,Russellville,Arkansas,https://arkansastechsports.com/sports/football/roster#sidearm-roster-coaches,https://www.wonderboyfootballcamps.com/,https://www.fieldlevel.com/atu/football/recruiting,https://x.com/ATUFOOTBALL,https://www.lewisvillerecruiting.com/college-search-tool,2026-09-23,https://a.espncdn.com/i/teamlogos/ncaa/500/2033.png,246
arkansas-pine-bluff-arkansas-d1-fcs,Arkansas-Pine Bluff,D1-FCS,SWAC,Pine Bluff,Arkansas,https://uapblionsroar.com/sports/football/roster#sidearm-roster-coaches,https://uapblionsroar.com/sb_output.aspx?form=37,https://questionnaires.armssoftware.com/f5797a01f623,https://x.com/UAPBLionsFB,https://www.lewisvillerecruiting.com/college-search-tool,2026-09-23,https://a.espncdn.com/i/teamlogos/ncaa/500/2029.png,325
army-new-york-d1-fbs,Army,D1-FBS,American,West Point,New York,https://goarmywestpoint.com/sports/football/coaches,https://armyfootball.totalcamps.com/About%20Us,https://questionnaires.armssoftware.com/68966b661b5d,https://x.com/ArmyWP_Football,https://www.lewisvillerecruiting.com/college-search-tool,2026-09-23,https://a.espncdn.com/i/teamlogos/ncaa/500/349.png,1327
ashland-university-ohio-d2,Ashland University,D2,GMAC,Ashland,Ohio,https://goashlandeagles.com/staff-directory/football-department/3,https://goashlandeagles.com/sports/2020/5/20/camps-2014-15-Football-FOOTBALLCAMPS.aspx,https://questionnaires.armssoftware.com/fb779b50b416,https://x.com/ashlandfb,https://www.lewisvillerecruiting.com/college-search-tool,2026-09-23,https://a.espncdn.com/i/teamlogos/ncaa/500/308.png,896
assumption-university-massachusetts-d2,Assumption University,D2,NE-10,Worcester,Massachusetts,https://assumptiongreyhounds.com/sports/football/coaches,https://assumptionfootballcamps.totalcamps.com/About%20Us,https://questionnaires.armssoftware.com/b100ccaa730a,https://x.com/assumptionfb,https://www.lewisvillerecruiting.com/college-search-tool,2026-09-23,https://a.espncdn.com/i/teamlogos/ncaa/500/2038.png,1447
auburn-alabama-d1-fbs,Auburn,D1-FBS,SEC,Auburn,Alabama,https://auburntigers.com/sports/football/roster,https://auburntigers.com/sports/football,https://www.fieldlevel.com/auburn/football/recruiting,https://x.com/AuburnFootball,https://www.lewisvillerecruiting.com/college-search-tool,2026-09-23,https://a.espncdn.com/i/teamlogos/ncaa/500/2.png,717
augsburg-university-minnesota-d3,Augsburg University,D3,MIAC,Minneapolis,Minnesota,https://athletics.augsburg.edu/sports/football/coaches,https://www.augsburgfootballcamps.com/,https://athletics.augsburg.edu/sb_output.aspx?frform=5&path=football,https://x.com/augsburg_fb,https://www.lewisvillerecruiting.com/college-search-tool,2026-09-23,https://a.espncdn.com/i/teamlogos/ncaa/500/124.png,681
augustana-college-illinois-illinois-d3,Augustana College - Illinois,D3,CCIW,Rock Island,Illinois,https://athletics.augustana.edu/sports/football/coaches,"https://augustanafootballcamp.com/#:~:text=JUNE%205%2C%202022&text=Augustana%20will%20conduct%20its%20One,Recruiting%20Program%20at%2010%3A30am.",https://athletics.augustana.edu/sb_output.aspx?frform=1&path=football,https://x.com/AugieILfootball,https://www.lewisvillerecruiting.com/college-search-tool,2026-09-23,,550
augustana-university-south-dakota-south-dakota-d2,Augustana University - South Dakota,D2,NSIC,Sioux Falls,South Dakota,https://goaugie.com/sports/football/coaches,https://augustanafootballcamp.com/,https://goaugie.com/sb_output.aspx?frform=2&path=football,https://x.com/augiefb,https://www.lewisvillerecruiting.com/college-search-tool,2026-09-23,,547
aurora-university-illinois-d3,Aurora University,D3,NACC,Aurora,Illinois,https://athletics.aurora.edu/sports/football/coaches,https://athletics.aurora.edu/sports/2010/5/26/BB_0526105308.aspx,https://athletics.aurora.edu/sb_output.aspx?frform=6&path=football,https://x.com/au_spartanfb,https://www.lewisvillerecruiting.com/college-search-tool,2026-09-23,https://a.espncdn.com/i/teamlogos/ncaa/500/2044.png,649
austin-college-texas-d3,Austin College,D3,SCAC,Sherman,Texas,https://austin.prestosports.com/sports/fball/coaches/index,https://austin.prestosports.com/sports/fball/index,https://austin.prestosports.com/sports/fball/recruits,https://x.com/roosfootball,https://www.lewisvillerecruiting.com/college-search-tool,2026-09-23,https://a.espncdn.com/i/teamlogos/ncaa/500/2045.png,148
austin-peay-tennessee-d1-fcs,Austin Peay,D1-FCS,UAC,Clarksville,Tennessee,https://letsgopeay.com/staff-directory/football-department/10,https://letsgopeay.com/sports/2014/6/3/GEN_0603145513.aspx,https://questionnaires.armssoftware.com/cf5482d7b7bb,https://x.com/GovsFB,https://www.lewisvillerecruiting.com/college-search-tool,2026-09-23,https://a.espncdn.com/i/teamlogos/ncaa/500/2046.png,568
ave-maria-university-florida-naia,Ave Maria University,NAIA,Sun,Naples,Florida,https://avemariagyrenes.com/sports/football/coaches,https://sites.google.com/view/amu-football-camps/home,https://www.fieldlevel.com/avemaria/football/recruiting,https://x.com/GyreneFootball,https://www.lewisvillerecruiting.com/college-search-tool,2026-09-23,,1136
averett-university-virginia-d3,Averett University,D3,ODAC,Danville,Virginia,https://averettcougars.com/sports/football/coaches,https://averettfootball.totalcamps.com/About%20Us,https://averettcougars.com/sb_output.aspx?frform=8&path=football,https://x.com/AverettFootball,https://www.lewisvillerecruiting.com/college-search-tool,2026-09-23,https://a.espncdn.com/i/teamlogos/ncaa/500/2047.png,1010
avila-university-missouri-naia,Avila University,NAIA,Kansas Collegiate Athletic Conference,Kansas City,Missouri,https://www.avilaathletics.com/sports/fball/coaches/index,https://www.avilaathletics.com/sports/fball,https://www.avilaathletics.com/sports/fball,https://x.com/Avila_Athletics,https://www.lewisvillerecruiting.com/college-search-tool,2026-09-23,,286
azusa-pacific-university-california-d3,Azusa Pacific University,D3,SCIAC,Azusa,California,https://athletics.apu.edu/sports/football/coaches,https://athletics.apu.edu/sports/football,https://athletics.apu.edu/sports/football,https://x.com/APUFootball,https://www.lewisvillerecruiting.com/college-search-tool,2026-09-23,https://a.espncdn.com/guid/0aa67bb7-1cce-622a-b14f-d2a82aa2349b/logos/default.png,1160
baker-university-kansas-naia,Baker University,NAIA,Heart of America Athletic Conference,Baldwin City,Kansas,https://www.bakerwildcats.com/sports/fball/coaches/index,https://www.bakerwildcats.com/sports/fball,https://www.bakerwildcats.com/sports/fball,https://x.com/bakeru_football,https://www.lewisvillerecruiting.com/college-search-tool,2026-09-23,,250
bakersfield-college-california-juco,Bakersfield College,JUCO,Northern,Bakersfield,California,http://www.gogades.com/sports/fball/coaches/index,http://www.gogades.com/sports/fball/index,https://www.fieldlevel.com/bakersfieldcollege/football/recruiting,https://x.com/bcrenegadefb,https://www.lewisvillerecruiting.com/college-search-tool,2026-09-23,,1209
baldwin-wallace-university-ohio-d3,Baldwin Wallace University,D3,OAC,Berea,Ohio,https://bwyellowjackets.com/sports/football/coaches,https://www.bwathleticcamps.com/,https://bwyellowjackets.com/sports/2024/6/24/athletics-recruiting.aspx,https://x.com/BWFootball_,https://www.lewisvillerecruiting.com/college-search-tool,2026-09-23,https://a.espncdn.com/i/teamlogos/ncaa/500/188.png,931
ball-state-indiana-d1-fbs,Ball State,D1-FBS,MAC,Muncie,Indiana,https://ballstatesports.com/sports/football/coaches,https://ballstatefootballcamps.totalcamps.com/About%20Us,https://questionnaires.armssoftware.com/489a56db71f3,https://x.com/BallStateFB,https://www.lewisvillerecruiting.com/college-search-tool,2026-09-23,https://a.espncdn.com/i/teamlogos/ncaa/500/2050.png,729
barton-college-north-carolina-d2,Barton College,D2,Conference Carolinas,Wilson,North Carolina,https://bartonbulldogs.com/sports/football/coaches,https://bartonbulldogs.com/sports/2020/7/13/athletics-camps-index.aspx,https://bartonbulldogs.com/sports/2020/7/13/recruits-football.aspx,https://x.com/barton_fb,https://www.lewisvillerecruiting.com/college-search-tool,2026-09-23,https://a.espncdn.com/i/teamlogos/ncaa/500/122666.png,1096
bates-college-maine-d3,Bates College,D3,NESCAC,Lewiston,Maine,https://gobatesbobcats.com/sports/football/coaches,https://gobatesbobcats.com/sports/2020/6/5/summer-camps.aspx,https://questionnaires.armssoftware.com/b06e3cd6027f,https://x.com/bates_football,https://www.lewisvillerecruiting.com/college-search-tool,2026-09-23,https://a.espncdn.com/i/teamlogos/ncaa/500/121.png,1550
baylor-texas-d1-fbs,Baylor,D1-FBS,Big 12,Waco,Texas,https://baylorbears.com/sports/football/coaches,https://baylorbears.com/feature/footballcamps,https://baylorbears.com/sports/football,https://x.com/BUFootball,https://www.lewisvillerecruiting.com/college-search-tool,2026-09-23,https://a.espncdn.com/i/teamlogos/ncaa/500/239.png,284
belhaven-university-mississippi-d3,Belhaven University,D3,CCS,Jackson,Mississippi,https://blazers.belhaven.edu/sports/football/coaches,https://blazers.belhaven.edu/sports/2019/6/4/football-camps.aspx?path=football,https://blazers.belhaven.edu/sb_output.aspx?frform=14,https://x.com/BelhavenFB,https://www.lewisvillerecruiting.com/college-search-tool,2026-09-23,https://a.espncdn.com/i/teamlogos/ncaa/500/2056.png,478
beloit-college-wisconsin-d3,Beloit College,D3,MWC,Beloit,Wisconsin,https://beloitcollegeathletics.com/sports/football/coaches,https://beloitcollegeathletics.com/sports/2024/6/6/buccaneer-camps-clinics.aspx,https://www.frontrush.com/FR_Web_App/Player/PlayerSubmit.aspx?sid=MzM2Mg==-dYnIo7zUJzE=&ptype=recruit&path=football,https://x.com/BeloitBucsFB,https://www.lewisvillerecruiting.com/college-search-tool,2026-09-23,https://a.espncdn.com/i/teamlogos/ncaa/500/266.png,655
bemidji-state-university-minnesota-d2,Bemidji State University,D2,NSIC,Bemidji,Minnesota,https://bsubeavers.com/sports/football/coaches,https://bemidjistatefootballcamps.totalcamps.com/About%20Us,https://www.bsubeavers.com/athletics/recruitform/,https://x.com/BSUBeaversFB,https://www.lewisvillerecruiting.com/college-search-tool,2026-09-23,https://a.espncdn.com/i/teamlogos/ncaa/500/132.png,828
benedict-college-south-carolina-d2,Benedict College,D2,SIAC,Columbia,South Carolina,https://benedicttigers.com/sports/football/coaches,https://benedicttigers.com/sports/football,https://www.fieldlevel.com/benedict/football/recruiting,https://x.com/GoTigers_FB,https://www.lewisvillerecruiting.com/college-search-tool,2026-09-23,https://a.espncdn.com/i/teamlogos/ncaa/500/490.png,938
benedictine-college-kansas-naia,Benedictine College,NAIA,Heart of America Athletic Conference,Atchison,Kansas,https://ravenathletics.com/sports/football/coaches,https://ravenathletics.com/sports/2025/5/29/FootballCamps.aspx,https://questionnaires.armssoftware.com/c2e6343460b7,https://x.com/RavenFootballBC,https://www.lewisvillerecruiting.com/college-search-tool,2026-09-23,,299
benedictine-university-illinois-d3,Benedictine University,D3,NACC,Lisle,Illinois,https://benueagles.com/sports/football/coaches,https://benueagles.com/sports/2017/10/13/camps.aspx,https://benueagles.com/sports/football,https://x.com/BenUFootball,https://www.lewisvillerecruiting.com/college-search-tool,2026-09-23,,661
bentley-university-massachusetts-d2,Bentley University,D2,NE-10,Waltham,Massachusetts,https://bentleyfalcons.com/sports/football/roster#sidearm-roster-coaches,https://bentleyfootballcamps.totalcamps.com/About%20Us,https://questionnaires.armssoftware.com/de9c5d168823,https://x.com/footballbentley,https://www.lewisvillerecruiting.com/college-search-tool,2026-09-23,https://a.espncdn.com/i/teamlogos/ncaa/500/2060.png,1476
berry-college-georgia-d3,Berry College,D3,SAA,Mount Berry,Georgia,https://berryvikings.com/sports/football/coaches,https://berryvikings.com/sports/football,https://berryvikings.com/sports/football,https://x.com/berryfootball,https://www.lewisvillerecruiting.com/college-search-tool,2026-09-23,https://a.espncdn.com/i/teamlogos/ncaa/500/2757.png,702
bethany-college-kansas-kansas-naia,Bethany College - Kansas,NAIA,Kansas Collegiate Athletic Conference,Lindsbord,Kansas,https://www.bethanyswedes.com/sports/fball/coaches/index,https://www.bethanyswedes.com/sports/fball/index,https://www.fieldlevel.com/benthany-lb/football/recruiting,https://x.com/footballbethany,https://www.lewisvillerecruiting.com/college-search-tool,2026-09-23,,
bethany-college-west-virginia-west-virginia-d3,Bethany College - West Virginia,D3,PAC,Bethany,West Virginia,https://bethanybison.com/sports/football/roster#sidearm-roster-coaches,https://bethanybison.com/sports/football,https://www.fieldlevel.com/benthany-lb/football/recruiting,https://x.com/BethanyWV_FB,https://www.lewisvillerecruiting.com/college-search-tool,2026-09-23,,973
bethel-college-kansas-kansas-naia,Bethel College - Kansas,NAIA,Kansas Collegiate Athletic Conference,Newton,Kansas,https://bethelthreshers.com/staff-directory/football-department/9,https://bethelthreshers.com/sports/football,https://bethelks.sidearmsports.com/sports/2021/6/9/6128_132677263269029952.aspx,https://x.com/threshers_fb,https://www.lewisvillerecruiting.com/college-search-tool,2026-09-23,,166
bethel-university-minnesota-minnesota-d3,Bethel University - Minnesota,D3,MIAC,Arden Hills,Minnesota,https://athletics.bethel.edu/sports/football/coaches,https://athletics.bethel.edu/sports/2007/11/13/camps.aspx,https://athletics.bethel.edu/sports/2009/1/16/FB_0116095251.aspx?path=football,https://x.com/bethelroyalsfb,https://www.lewisvillerecruiting.com/college-search-tool,2026-09-23,,688
bethel-university-tennessee-tennessee-naia,Bethel University - Tennessee,NAIA,Mid-South Conference,McKenzie,Tennessee,https://bethelathletics.com/sports/fball,https://bethelathletics.com/sports/fball,https://www.fieldlevel.com/bethel/football/recruiting,https://x.com/bu_footballtn,https://www.lewisvillerecruiting.com/college-search-tool,2026-09-23,,502
bethune-cookman-florida-d1-fcs,Bethune-Cookman,D1-FCS,SWAC,Daytona Beach,Florida,https://bcuathletics.com/sports/football/coaches,https://bcuathletics.com/sports/football,https://www.fieldlevel.com/cookman/football/recruiting,https://x.com/BCUGridiron,https://www.lewisvillerecruiting.com/college-search-tool,2026-09-23,https://a.espncdn.com/i/teamlogos/ncaa/500/2065.png,1056
bismarck-state-college-north-dakota-naia,Bismarck State College,NAIA,Frontier Conference,Bismarck,North Dakota,https://bscmystics.com/sports/football/coaches,https://bscmystics.com/sports/football,https://bscmystics.com/sports/football,https://x.com/MysticsFB,https://www.lewisvillerecruiting.com/college-search-tool,2026-09-23,,789
black-hills-state-university-south-dakota-d2,Black Hills State University,D2,RMAC,Spearfish,South Dakota,https://bhsuathletics.com/sports/football/coaches,https://blackhillsstatefootballcamps.totalcamps.com/About%20Us,https://bhsuathletics.com/sports/football,https://x.com/BHSUFB,https://www.lewisvillerecruiting.com/college-search-tool,2026-09-23,https://a.espncdn.com/i/teamlogos/ncaa/500/2069.png,697
blinn-college-texas-juco,Blinn College,JUCO,SWJCFC,Brenham,Texas,https://buccaneersports.com/staff-directory/football-department/4,https://buccaneersports.com/sports/football,https://www.fieldlevel.com/blinn/football/recruiting,https://x.com/BLINNFBRECRUIT,https://www.lewisvillerecruiting.com/college-search-tool,2026-09-23,,384
bloomsburg-university-of-pennsylvania-pennsylvania-d2,Bloomsburg University of Pennsylvania,D2,PSAC,Bloomsburg,Pennsylvania,https://bloomsburgathletics.com/sports/football/coaches,https://bloomsburgfootballcamps.totalcamps.com/About%20Us,https://questionnaires.armssoftware.com/d135bff4cb3f,https://x.com/bloomufootball,https://www.lewisvillerecruiting.com/college-search-tool,2026-09-23,,1194
bluefield-state-university-west-virginia-d2,Bluefield State University,D2,CIAA,Bluefield,West Virginia,https://gobstate.com/sports/football/coaches,https://gobstate.com/sports/football,https://www.fieldlevel.com/bluefieldstate/football/recruiting,https://x.com/bigblue_fb,https://www.lewisvillerecruiting.com/college-search-tool,2026-09-23,https://a.espncdn.com/i/teamlogos/ncaa/500/124180.png,909
bluefield-university-virginia-naia,Bluefield University,NAIA,AAC,Bluefield,Virginia,https://burams.com/sports/football/coaches/2025,https://burams.com/sports/football,https://www.fieldlevel.com/bluefield/football/recruiting,https://x.com/BURamsFootball,https://www.lewisvillerecruiting.com/college-search-tool,2026-09-23,,906
bluffton-university-ohio-d3,Bluffton University,D3,HCAC,Bluffton,Ohio,https://blufftonbeavers.com/sports/fball/coaches/index,https://blufftonbeavers.com/sports/fball,https://www.fieldlevel.com/bluffton/football/recruiting,https://x.com/bluffton_fb,https://www.lewisvillerecruiting.com/college-search-tool,2026-09-23,https://a.espncdn.com/i/teamlogos/ncaa/500/2074.png,820
boise-state-idaho-d1-fbs,Boise State,D1-FBS,Pac-12,Boise,Idaho,https://broncosports.com/sports/football/coaches,https://boisestatefootball.totalcamps.com/About%20Us,https://www.fieldlevel.com/boisestate/football/recruiting,https://x.com/BroncoSportsFB,https://www.lewisvillerecruiting.com/college-search-tool,2026-09-23,https://a.espncdn.com/i/teamlogos/ncaa/500/68.png,1134
boston-college-massachusetts-d1-fbs,Boston College,D1-FBS,ACC,Chestnut Hill,Massachusetts,https://bceagles.com/sports/football/roster#sidearm-roster-coaches,https://bostoncollegefootball.totalcamps.com/About%20Us,https://questionnaires.armssoftware.com/10bc896ebffd,https://x.com/BCFootball,https://www.lewisvillerecruiting.com/college-search-tool,2026-09-23,https://a.espncdn.com/i/teamlogos/ncaa/500/103.png,1479
bowdoin-college-maine-d3,Bowdoin College,D3,NESCAC,Brunswick,Maine,https://athletics.bowdoin.edu/sports/football/coaches,https://www.polarbearfootballcamps.com/,https://questionnaires.armssoftware.com/7e48f2f75c8a,https://x.com/bowdoinfb,https://www.lewisvillerecruiting.com/college-search-tool,2026-09-23,https://a.espncdn.com/i/teamlogos/ncaa/500/340.png,1559
bowie-state-university-maryland-d2,Bowie State University,D2,CIAA,Bowie,Maryland,https://bsubulldogs.com/sports/football,https://bsubulldogs.com/sports/football,https://bsubulldogs.com/sports/football,https://x.com/bowiestatefb,https://www.lewisvillerecruiting.com/college-search-tool,2026-09-23,https://a.espncdn.com/i/teamlogos/ncaa/500/2075.png,1160
bowling-green-ohio-d1-fbs,Bowling Green,D1-FBS,MAC,Bowling Green,Ohio,https://bgsufalcons.com/sports/football/coaches,https://www.eddiegeorgefootballcamps.com/,https://bgsufalcons.com/sports/football,https://x.com/BG_Football,https://www.lewisvillerecruiting.com/college-search-tool,2026-09-23,https://a.espncdn.com/i/teamlogos/ncaa/500/189.png,844
brevard-college-north-carolina-d3,Brevard College,D3,USA South,Brevard,North Carolina,https://bctornados.com/sports/football/coaches,https://bctornados.com/sports/2023/6/22/camps-Brevard-College-Camps.aspx,https://www.fieldlevel.com/brevard/football/recruiting,https://x.com/brevardf5,https://www.lewisvillerecruiting.com/college-search-tool,2026-09-23,https://a.espncdn.com/i/teamlogos/ncaa/500/2913.png,830
briar-cliff-university-iowa-naia,Briar Cliff University,NAIA,Great Plains Athletic Conference,Sioux City,Iowa,https://bcuchargers.com/sports/football/coaches,https://bcuchargers.com/sports/football,https://bcuchargers.com/sports/2021/1/7/football-recruiting-form.aspx,https://x.com/BriarCliffFB,https://www.lewisvillerecruiting.com/college-search-tool,2026-09-23,,477
bridgewater-college-virginia-d3,Bridgewater College,D3,ODAC,Bridgewater,Virginia,https://bridgewatereagles.com/sports/football/coaches,https://bridgewatereagles.com/sports/football?path=football,https://bridgewatereagles.com/sports/2022/6/15/prospective-recruits.aspx?path=general,https://x.com/bh2ofootball,https://www.lewisvillerecruiting.com/college-search-tool,2026-09-23,https://a.espncdn.com/i/teamlogos/ncaa/500/2079.png,1036
bridgewater-state-university-massachusetts-d3,Bridgewater State University,D3,MASCAC,Bridgewater,Massachusetts,https://www.bsubears.com/sports/fball/coaches/index,https://www.bsubears.com/sports/fball,https://www.bsubears.com/sports/fball,https://x.com/bsu_football_,https://www.lewisvillerecruiting.com/college-search-tool,2026-09-23,https://a.espncdn.com/i/teamlogos/ncaa/500/18.png,1485
brown-rhode-island-d1-fcs,Brown,D1-FCS,Ivy,Providence,Rhode Island,https://brownbears.com/sports/football/coaches,https://brownbears.com/sports/football,https://questionnaires.armssoftware.com/e611bb1201e4,https://x.com/BrownU_Football,https://www.lewisvillerecruiting.com/college-search-tool,2026-09-23,https://a.espncdn.com/i/teamlogos/ncaa/500/225.png,1462
bryant-rhode-island-d1-fcs,Bryant,D1-FCS,CAA,Smithfield,Rhode Island,https://bryantbulldogs.com/sports/football,https://bryantbulldogs.com/sports/2024/5/20/bryant-university-football-camps.aspx,https://questionnaires.armssoftware.com/b2a334c37cf8,https://x.com/BryantUFootball,https://www.lewisvillerecruiting.com/college-search-tool,2026-09-23,https://a.espncdn.com/i/teamlogos/ncaa/500/2803.png,1456
bucknell-pennsylvania-d1-fcs,Bucknell,D1-FCS,Patriot,Lewisburg,Pennsylvania,https://bucknellbison.com/sports/football/coaches,https://bucknellfootball.totalcamps.com/About%20Us,https://questionnaires.armssoftware.com/8463cb4b53b7,https://x.com/Bucknell_FB,https://www.lewisvillerecruiting.com/college-search-tool,2026-09-23,https://a.espncdn.com/i/teamlogos/ncaa/500/2083.png,1172
buena-vista-university-iowa-d3,Buena Vista University,D3,ARC,Storm Lake,Iowa,https://bvuathletics.com/sports/football/coaches,https://www.bvufootballcamps.com/,https://www.fieldlevel.com/bvu/football/recruiting,https://x.com/BVU_Football,https://www.lewisvillerecruiting.com/college-search-tool,2026-09-23,https://a.espncdn.com/i/teamlogos/ncaa/500/63.png,498
buffalo-new-york-d1-fbs,Buffalo,D1-FBS,MAC,Buffalo,New York,https://ubbulls.com/sports/football/coaches,https://ubbulls.com/sports/football,https://questionnaires.armssoftware.com/c2ff35d2eb21,https://x.com/UBFootball,https://www.lewisvillerecruiting.com/college-search-tool,2026-09-23,https://a.espncdn.com/i/teamlogos/ncaa/500/2084.png,1110
butler-indiana-d1-fcs,Butler,D1-FCS,Pioneer,Indianapolis,Indiana,https://butlersports.com/sports/football/coaches,https://butlersports.com/sports/2016/5/19/information-camps-sports-camps.aspx,https://butlersports.com/sports/football,https://x.com/ButlerUFootball,https://www.lewisvillerecruiting.com/college-search-tool,2026-09-23,https://a.espncdn.com/i/teamlogos/ncaa/500/2086.png,680
butler-community-college-kansas-juco,Butler Community College,JUCO,KJCCC,El Dorado,Kansas,https://www.butlergrizzlies.com/sports/fball/coaches/index,https://www.butlergrizzlies.com/sports/fball,https://www.fieldlevel.com/butlercc/football/recruiting,https://x.com/butlergrizzlyfb,https://www.lewisvillerecruiting.com/college-search-tool,2026-09-23,,153
butte-college-california-juco,Butte College,JUCO,NorCal,Oroville,California,https://butteroadrunners.com/sports/fball/coaches/index,https://butteroadrunners.com/sports/fball/index,https://www.fieldlevel.com/butte/football/recruiting,https://x.com/buttefootball,https://www.lewisvillerecruiting.com/college-search-tool,2026-09-23,,1341
byu-utah-d1-fbs,BYU,D1-FBS,Big 12,Provo,Utah,https://byucougars.com/staff-directory,https://www.byusportscamps.com/football,https://www.fieldlevel.com/byu/football/recruiting,https://x.com/BYUfootball,https://www.lewisvillerecruiting.com/college-search-tool,2026-09-23,https://a.espncdn.com/i/teamlogos/ncaa/500/252.png,834
cabrillo-college-california-juco,Cabrillo College,JUCO,Golden Coast,Aptos,California,https://athletics.cabrillo.edu/sports/fball/coaches/index,https://cabrillo.augusoft.net/connect/ClassListing/ClassListingDisplay?int_category_id=8&int_sub_category_id=25&int_catalog_id=,https://www.fieldlevel.com/cabrillo/football/recruiting,https://x.com/cabrillofb_,https://www.lewisvillerecruiting.com/college-search-tool,2026-09-23,,1359
cal-lutheran-california-d3,Cal Lutheran,D3,SCIAC,Thousand Oaks,California,https://clusports.com/staff-directory/football-department/2,https://clusports.com/sports/2024/1/26/new-camp-page.aspx,https://www.fieldlevel.com/callutheran/football/recruiting,https://x.com/CLUSports,https://www.lewisvillerecruiting.com/college-search-tool,2026-09-23,https://a.espncdn.com/i/teamlogos/ncaa/500/2094.png,1212
cal-poly-california-d1-fcs,Cal Poly,D1-FCS,Big Sky,San Luis Obispo,California,https://gopoly.com/sports/football/coaches,https://paulwulfffootball.totalcamps.com/About%20Us,https://www.fieldlevel.com/calpoly/football/recruiting,https://x.com/calpolyfootball,https://www.lewisvillerecruiting.com/college-search-tool,2026-09-23,https://a.espncdn.com/i/teamlogos/ncaa/500/13.png,1302
california-california-d1-fbs,California,D1-FBS,ACC,Berkeley,California,https://calbears.com/sports/football/coaches,https://www.calsportscamps.com/football,https://cal.collegewarroom.com/Questionnaire/Form/Football,https://x.com/CalFootball,https://www.lewisvillerecruiting.com/college-search-tool,2026-09-23,https://a.espncdn.com/i/teamlogos/ncaa/500/25.png,1377
california-university-of-pennsylvania-pennsylvania-d2,California University of Pennsylvania,D2,PSAC,California,Pennsylvania,https://calvulcans.com/sports/football/coaches,https://calpafootballcamps.totalcamps.com/About%20Us,https://questionnaires.armssoftware.com/aae478e664c7,https://x.com/VulcanFootball,https://www.lewisvillerecruiting.com/college-search-tool,2026-09-23,,1005
calvin-university-michigan-d3,Calvin University,D3,MIAA,Grand Rapids,Michigan,https://calvinknights.com/staff-directory/trent-figg/208,https://football.calvinsportscamps.com/,https://www.fieldlevel.com/n4f9x9w3/basketballmen/recruiting,https://x.com/CalvinKnightsFB,https://www.lewisvillerecruiting.com/college-search-tool,2026-09-23,,807
campbell-north-carolina-d1-fcs,Campbell,D1-FCS,CAA,Buies Creek,North Carolina,https://gocamels.com/sports/football/coaches,https://gocamels.com/splash.aspx?id=splash_60&path=football,https://questionnaires.armssoftware.com/9bbc274a4e2e,https://x.com/GoCamelsFB,https://www.lewisvillerecruiting.com/college-search-tool,2026-09-23,https://a.espncdn.com/i/teamlogos/ncaa/500/2097.png,1052
campbellsville-university-kentucky-naia,Campbellsville University,NAIA,Mid-South Conference,Campbellsville,Kentucky,https://campbellsvilletigers.com/sports/football/coaches,https://campbellsvilletigers.com/sports/2017/3/31/summer-camps-landing-page,https://campbellsvilletigers.com/sports/football,https://x.com/CvilleTigersFB,https://www.lewisvillerecruiting.com/college-search-tool,2026-09-23,,684
capital-university-ohio-d3,Capital University,D3,OAC,Columbus,Ohio,https://athletics.capital.edu/sports/football/coaches,https://athletics.capital.edu/sports/2020/3/16/camps.aspx,https://athletics.capital.edu/sports/2020/4/27/fb-recruitme.aspx,https://x.com/capitalu_fb,https://www.lewisvillerecruiting.com/college-search-tool,2026-09-23,https://a.espncdn.com/i/teamlogos/ncaa/500/424.png,843
carleton-college-minnesota-d3,Carleton College,D3,MIAC,Northfield,Minnesota,https://athletics.carleton.edu/sports/2019/7/23/football-coaching-staff.aspx,https://athletics.carleton.edu/sports/football,https://www.fieldlevel.com/carleton/football/recruiting,https://x.com/CarletonFB,https://www.lewisvillerecruiting.com/college-search-tool,2026-09-23,https://a.espncdn.com/i/teamlogos/ncaa/500/2101.png,650
carnegie-mellon-university-pennsylvania-d3,Carnegie Mellon University,D3,UAA,Pittsburgh,Pennsylvania,https://athletics.cmu.edu/sports/fball/coaches/index,https://athletics.cmu.edu/sports/fball,https://athletics.cmu.edu/sports/fball,https://x.com/tartanfb,https://www.lewisvillerecruiting.com/college-search-tool,2026-09-23,https://a.espncdn.com/i/teamlogos/ncaa/500/2102.png,1005
carroll-college-montana-naia,Carroll College,NAIA,Frontier Conference,Helena,Montana,https://carrollathletics.com/sports/football/coaches,https://carrollathletics.com/sports/2015/1/14/GEN_0114151138.aspx?path=general,https://carrollathletics.com/sports/football,https://x.com/FootballCarroll,https://www.lewisvillerecruiting.com/college-search-tool,2026-09-23,,1067
carroll-university-wisconsin-d3,Carroll University,D3,CCIW,Waukesha,Wisconsin,https://gopios.com/sports/football/coaches,https://football.piocamps.com/index.cfm,https://gopios.com/feature/recruitme,https://x.com/piofootball,https://www.lewisvillerecruiting.com/college-search-tool,2026-09-23,,708
carson-newman-university-tennessee-d2,Carson-Newman University,D2,SAC,Jefferson City,Tennessee,https://www.cneagles.com/sports/m-footbl/coaches/index,https://carsonnewmanfootballcamps.totalcamps.com/About%20Us,https://www.fieldlevel.com/cn/football/recruiting,https://x.com/cnfootball,https://www.lewisvillerecruiting.com/college-search-tool,2026-09-23,https://a.espncdn.com/i/teamlogos/ncaa/500/2105.png,783
carthage-college-wisconsin-d3,Carthage College,D3,CCIW,Kenosha,Wisconsin,https://athletics.carthage.edu/sports/football/coaches,https://football.calvinsportscamps.com/,https://athletics.carthage.edu/sports/football,https://x.com/carthage_fb,https://www.lewisvillerecruiting.com/college-search-tool,2026-09-23,https://a.espncdn.com/i/teamlogos/ncaa/500/2106.png,704
case-western-reserve-university-ohio-d3,Case Western Reserve University,D3,UAA,Cleveland,Ohio,https://athletics.case.edu/sports/football/coaches,https://athletics.case.edu/sports/football,https://www.fieldlevel.com/case/football/recruiting,https://x.com/cwrufootball,https://www.lewisvillerecruiting.com/college-search-tool,2026-09-23,https://a.espncdn.com/i/teamlogos/ncaa/500/2963.png,941
castleton-university-vermont-d3,Castleton University,D3,LEC,Castleton,Vermont,https://castletonsports.com/sports/football/coaches,https://castletonsports.com/sports/2020/7/8/castleton-camps-clinics.aspx,https://castletonsports.com/sports/2020/8/31/football-recruit.aspx,https://x.com/CastletonFB,https://www.lewisvillerecruiting.com/college-search-tool,2026-09-23,,1398
catawba-college-north-carolina-d2,Catawba College,D2,SAC,Salisbury,North Carolina,https://catawbaathletics.com/sports/football/coaches,https://www.catawba.edu/camps/,https://questionnaires.armssoftware.com/f33ac69c2efe,https://x.com/CatawbaFootball,https://www.lewisvillerecruiting.com/college-search-tool,2026-09-23,https://a.espncdn.com/i/teamlogos/ncaa/500/2107.png,953
catholic-university-of-america-d-c-d3,Catholic University of America,D3,Landmark,Washington,D.C.,https://catholicathletics.com/sports/football/coaches,https://catholicathletics.com/sports/football,https://www.fieldlevel.com/cua/football/recruiting,https://x.com/CatholicU_FB,https://www.lewisvillerecruiting.com/college-search-tool,2026-09-23,,1143
centenary-college-of-louisiana-louisiana-d3,Centenary College of Louisiana,D3,SCAC,Shreveport,Louisiana,https://www.gocentenary.com/sports/fball/coaches/index,https://www.gocentenary.com/sports/fball/index,https://www.gocentenary.com/sports/fball,https://x.com/Gents_Football,https://www.lewisvillerecruiting.com/college-search-tool,2026-09-23,,304
central-arkansas-arkansas-d1-fcs,Central Arkansas,D1-FCS,UAC,Conway,Arkansas,https://ucasports.com/sports/football/roster#sidearm-roster-coaches,https://www.ucabearsfootball.com/,https://ucasports.com/sports/football,https://x.com/UCA_Football,https://www.lewisvillerecruiting.com/college-search-tool,2026-09-23,https://a.espncdn.com/i/teamlogos/ncaa/500/2110.png,286
central-college-iowa-d3,Central College,D3,ARC,Pella,Iowa,https://athletics.central.edu/sports/football/coaches,https://athletics.central.edu/sports/2016/9/28/camps.aspx,https://athletics.central.edu/sports/football,https://x.com/CentralDutchFB,https://www.lewisvillerecruiting.com/college-search-tool,2026-09-23,https://a.espncdn.com/i/teamlogos/ncaa/500/2964.png,468
central-connecticut-connecticut-d1-fcs,Central Connecticut,D1-FCS,Northeast,New Britain,Connecticut,https://ccsubluedevils.com/sports/fball/coaches/index,https://ccsubluedevils.com/sports/fball,https://ccsubluedevils.com/sports/fball,https://x.com/CCSUBlueDevils,https://www.lewisvillerecruiting.com/college-search-tool,2026-09-23,https://a.espncdn.com/i/teamlogos/ncaa/500/2115.png,1390
central-georgia-technical-college-georgia-juco,Central Georgia Technical College,JUCO,GCAA,Macon,Georgia,https://www.cgtctitans.com/sports/fb/index,https://www.cgtctitans.com/sports/fb/index,https://www.fieldlevel.com/4c7mxxyy/Football/recruiting,https://x.com/CGTCAthletics,https://www.lewisvillerecruiting.com/college-search-tool,2026-09-23,,814
central-lakes-college-brainerd-minnesota-juco,Central Lakes College - Brainerd,JUCO,Minnesota College Athletic Conference,Brainerd,Minnesota,https://clcraiders.com/sports/fball/coaches/index,https://clcraiders.com/sports/fball/index,https://clcraiders.com/sports/fball,https://x.com/clcraidersports,https://www.lewisvillerecruiting.com/college-search-tool,2026-09-23,,759
central-methodist-university-missouri-naia,Central Methodist University,NAIA,Heart of America Athletic Conference,Fayette,Missouri,https://www.cmueagles.com/sports/fball/coaches/index,https://www.cmueagles.com/sports/fball/index,https://www.cmueagles.com/sports/fball/Dead_Form,https://x.com/cmueaglesfb,https://www.lewisvillerecruiting.com/college-search-tool,2026-09-23,,357
central-michigan-michigan-d1-fbs,Central Michigan,D1-FBS,MAC,Mount Pleasant,Michigan,https://cmuchippewas.com/sports/football/coaches,https://cmufootballcamps.totalcamps.com/About%20Us,https://questionnaires.armssoftware.com/6b6c8f52db3f,https://x.com/CMU_Football,https://www.lewisvillerecruiting.com/college-search-tool,2026-09-23,https://a.espncdn.com/i/teamlogos/ncaa/500/2117.png,869
central-state-university-ohio-d2,Central State University,D2,SIAC,Wilberforce,Ohio,https://maraudersports.com/sports/football/coaches,https://maraudersports.com/sports/football,https://questionnaires.armssoftware.com/6b6c8f52db3f,https://x.com/go_marauders,https://www.lewisvillerecruiting.com/college-search-tool,2026-09-23,https://a.espncdn.com/i/teamlogos/ncaa/500/2119.png,794
central-washington-university-washington-d2,Central Washington University,D2,GNAC,Ellensburg,Washington,https://wildcatsports.com/sports/football/coaches,https://wildcatsports.com/sports/2010/1/15/GEN_0115104142.aspx,https://www.fieldlevel.com/cwu/football/recruiting,https://x.com/CWUFB,https://www.lewisvillerecruiting.com/college-search-tool,2026-09-23,https://a.espncdn.com/i/teamlogos/ncaa/500/2120.png,1422
centre-college-kentucky-d3,Centre College,D3,SAA,Danville,Kentucky,https://centrecolonels.com/sports/football/coaches,https://centrecolonels.com/sports/2018/7/24/information-camps-index,https://www.frontrush.com/FR_Web_App/Player/PlayerSubmit.aspx?sid=4418&ptype=recruit,https://x.com/centrefootball,https://www.lewisvillerecruiting.com/college-search-tool,2026-09-23,https://a.espncdn.com/i/teamlogos/ncaa/500/2121.png,717
cerritos-college-california-juco,Cerritos College,JUCO,Northern,Norwalk,California,https://www.cerritosfalcons.com/sports/fball/coaches/index,https://www.cerritosfalcons.com/sports/fball/index,https://www.cerritosfalcons.com/sports/fball,https://x.com/cerritosfb,https://www.lewisvillerecruiting.com/college-search-tool,2026-09-23,,1173
chabot-college-california-juco,Chabot College,JUCO,Bay 6,Hayward,California,https://athletics.chabotcollege.edu/sports/fball/coaches/index,https://athletics.chabotcollege.edu/sports/fball/index,https://www.fieldlevel.com/chabotcollege/Football/recruiting,https://x.com/chabotfootball,https://www.lewisvillerecruiting.com/college-search-tool,2026-09-23,,1367
chadron-state-college-nebraska-d2,Chadron State College,D2,RMAC,Chadron,Nebraska,https://chadroneagles.com/sports/football/coaches,https://chadronstatecollegefootball.totalcamps.com/About%20Us,https://www.fieldlevel.com/csc/football/recruiting,https://x.com/cscfootball,https://www.lewisvillerecruiting.com/college-search-tool,2026-09-23,https://a.espncdn.com/i/teamlogos/ncaa/500/2123.png,577
chaffey-college-california-juco,Chaffey College,JUCO,Central,Rancho Cucamonga,California,https://www.chaffeypanthers.com/sports/fball/coaches/index,https://chaffeypanthers.com/sports/fball/index,https://www.chaffeypanthers.com/sports/fball,https://x.com/chaffeyfootball,https://www.lewisvillerecruiting.com/college-search-tool,2026-09-23,,1143
chapman-university-california-d3,Chapman University,D3,SCIAC,Orange,California,https://athletics.chapman.edu/sports/football/coaches,https://athletics.chapman.edu/sports/football,https://athletics.chapman.edu/sports/football,https://x.com/chapman_fb,https://www.lewisvillerecruiting.com/college-search-tool,2026-09-23,https://a.espncdn.com/i/teamlogos/ncaa/500/411.png,1162
charleston-southern-south-carolina-d1-fcs,Charleston Southern,D1-FCS,Big South,North Charleston,South Carolina,https://csusports.com/sports/football/coaches,https://www.gabegiardinafbcamps.com/,https://questionnaires.armssoftware.com/d8b6cab8316b,https://x.com/CSU_FB,https://www.lewisvillerecruiting.com/college-search-tool,2026-09-23,https://a.espncdn.com/i/teamlogos/ncaa/500/2127.png,1017
charlotte-north-carolina-d1-fbs,Charlotte,D1-FBS,American,Charlotte,North Carolina,https://charlotte49ers.com/sports/football/coaches,https://charlottefootball.totalcamps.com/About%20Us,https://questionnaires.armssoftware.com/2b0570a8394a,https://x.com/CharlotteFTBL,https://www.lewisvillerecruiting.com/college-search-tool,2026-09-23,,936
chattanooga-tennessee-d1-fcs,Chattanooga,D1-FCS,Southern,Chattanooga,Tennessee,https://gomocs.com/sports/football/coaches,https://chattanoogafootballcamps.totalcamps.com/About%20Us,https://questionnaires.armssoftware.com/17c6cae593d4,https://x.com/GoMocsFB,https://www.lewisvillerecruiting.com/college-search-tool,2026-09-23,https://a.espncdn.com/i/teamlogos/ncaa/500/236.png,687
chicago-state-illinois-d1-fcs,Chicago State,D1-FCS,NEC,Chicago,Illinois,https://www.gocsucougars.com/sports/football,https://www.gocsucougars.com/sports/football,https://questionnaires.armssoftware.com/0f6a3905f087,https://x.com/chicagostatefb,https://www.lewisvillerecruiting.com/college-search-tool,2026-09-23,https://a.espncdn.com/i/teamlogos/ncaa/500/2130.png,680
chowan-university-north-carolina-d2,Chowan University,D2,Conference Carolinas,Murfreesboro,North Carolina,https://gocuhawks.com/sports/football/coaches,https://gocuhawks.com/sports/2016/5/17/summer-camps.aspx,https://www.fieldlevel.com/chowan/football/recruiting,https://x.com/chowanfootball,https://www.lewisvillerecruiting.com/college-search-tool,2026-09-23,https://a.espncdn.com/i/teamlogos/ncaa/500/2804.png,1138
christopher-newport-university-virginia-d3,Christopher Newport University,D3,Coast-coast,Newport News,Virginia,https://www.cnusports.com/sports/football/coaches,https://www.cnusports.com/sports/2007/9/24/camps.aspx,https://www.fieldlevel.com/cnu/football/recruiting,https://x.com/cnu_football,https://www.lewisvillerecruiting.com/college-search-tool,2026-09-23,https://a.espncdn.com/i/teamlogos/ncaa/500/3112.png,1173
cincinnati-ohio-d1-fbs,Cincinnati,D1-FBS,Big 12,Cincinnati,Ohio,https://gobearcats.com/sports/football,https://www.ucfbcamps.com/,https://gobearcats.com/sports/football,https://x.com/GoBearcatsFB,https://www.lewisvillerecruiting.com/college-search-tool,2026-09-23,https://a.espncdn.com/i/teamlogos/ncaa/500/2132.png,750
cisco-college-texas-juco,Cisco College,JUCO,SWJCFC,Cisco,Texas,https://www.wranglersports.net/sports/fball/coaches/index,https://www.wranglersports.net/sports/fball,https://www.wranglersports.net/sports/fball,https://x.com/CiscoCollegeFB,https://www.lewisvillerecruiting.com/college-search-tool,2026-09-23,,241
citrus-college-california-juco,Citrus College,JUCO,Pacific,Glendora,California,https://www.citrusowls.com/sports/fball/coaches/index,https://www.citrusowls.com/sports/fball,https://www.citrusowls.com/sports/fball,https://x.com/citrusfootball,https://www.lewisvillerecruiting.com/college-search-tool,2026-09-23,,1158
city-college-of-san-francisco-california-juco,City College of San Francisco,JUCO,Bay 6,San Francisco,California,https://ccsfathletics.com/sports/fball/coaches/index,https://ccsfathletics.com/sports/fball/index,https://www.fieldlevel.com/ccsf/football/recruiting,https://x.com/ccsffootball,https://www.lewisvillerecruiting.com/college-search-tool,2026-09-23,,1385
claremont-mudd-scripps-colleges-california-d3,Claremont-Mudd-Scripps Colleges,D3,SCIAC,Claremont,California,https://cmsathletics.org/staff-directory/mens-football-department/2,https://cmsstagfootballcamps.totalcamps.com/About%20Us,https://questionnaires.armssoftware.com/419df429a557,https://x.com/cmsstagsfb,https://www.lewisvillerecruiting.com/college-search-tool,2026-09-23,,1150
clarion-university-of-pennsylvania-pennsylvania-d2,Clarion University of Pennsylvania,D2,PSAC,Clarion,Pennsylvania,https://clariongoldeneagles.com/sports/football/coaches,https://clarionfootballcamps.totalcamps.com/About%20Us,https://questionnaires.armssoftware.com/b1bc7e4964fe,https://x.com/clarionfootball,https://www.lewisvillerecruiting.com/college-search-tool,2026-09-23,,1049
clark-atlanta-university-georgia-d2,Clark Atlanta University,D2,SIAC,Atlanta,Georgia,https://clarkatlantasports.com/staff-directory,http://www.championselitefootballcamps.com/,https://questionnaires.armssoftware.com/5ea180fcc0fb,https://x.com/cau_football,https://www.lewisvillerecruiting.com/college-search-tool,2026-09-23,https://a.espncdn.com/i/teamlogos/ncaa/500/2805.png,755
clarke-university-iowa-naia,Clarke University,NAIA,Heart of America Athletic Conference,Dubuque,Iowa,https://www.clarkepride.com/sports/fball/coaches/index,https://www.clarkepride.com/sports/fball,https://www.fieldlevel.com/clarke/football/recruiting,https://x.com/clarkepridefb,https://www.lewisvillerecruiting.com/college-search-tool,2026-09-23,,597
clemson-south-carolina-d1-fbs,Clemson,D1-FBS,ACC,Clemson,South Carolina,https://clemsontigers.com/clemson-football-family-staff,https://clemsontigers.com/camps,https://questionnaires.armssoftware.com/b61a225a2d5e,https://x.com/ClemsonFB,https://www.lewisvillerecruiting.com/college-search-tool,2026-09-23,https://a.espncdn.com/i/teamlogos/ncaa/500/228.png,829
coahoma-community-college-mississippi-juco,Coahoma Community College,JUCO,MACCC,Clarksdale,Mississippi,https://coahomasports.com/staff-directory/football-department/1,https://coahomasports.com/sports/football,https://www.fieldlevel.com/nykxrtkk/football/recruiting,https://x.com/coahomasports,https://www.lewisvillerecruiting.com/college-search-tool,2026-09-23,,404
coastal-carolina-south-carolina-d1-fbs,Coastal Carolina,D1-FBS,Sun Belt,Conway,South Carolina,https://goccusports.com/sports/football/coaches,https://goccusports.com/sports/football,https://questionnaires.armssoftware.com/6814c0767b73,https://x.com/CoastalFootball,https://www.lewisvillerecruiting.com/college-search-tool,2026-09-23,https://a.espncdn.com/i/teamlogos/ncaa/500/324.png,1052
coe-college-iowa-d3,Coe College,D3,ARC,Cedar Rapids,Iowa,https://kohawkathletics.com/sports/football/coaches,https://football.coecamps.com/index.cfm,https://kohawkathletics.com/sports/2019/7/8/coe-football-recruiting-questionnaire.aspx?id=368,https://x.com/KohawksFootball,https://www.lewisvillerecruiting.com/college-search-tool,2026-09-23,https://a.espncdn.com/i/teamlogos/ncaa/500/2141.png,540
coffeyville-community-college-kansas-juco,Coffeyville Community College,JUCO,KJCCC,Coffeyville,Kansas,https://redravenathletics.com/sports/fball/coaches/index,https://redravenathletics.com/sports/fball/index,https://redravenathletics.com/sports/fball,https://x.com/red_raven_fb,https://www.lewisvillerecruiting.com/college-search-tool,2026-09-23,,141
colby-college-maine-d3,Colby College,D3,NESCAC,Waterville,Maine,https://colbyathletics.com/sports/football/coaches,https://colbyathletics.com/sports/football,https://questionnaires.armssoftware.com/acf7831b33e8,https://x.com/Colby_Football,https://www.lewisvillerecruiting.com/college-search-tool,2026-09-23,https://a.espncdn.com/i/teamlogos/ncaa/500/33.png,1585
colgate-new-york-d1-fcs,Colgate,D1-FCS,Patriot,Hamilton,New York,https://colgateathletics.com/sports/football/coaches,https://colgateathletics.com/sports/football,https://questionnaires.armssoftware.com/71b59d70989d,https://x.com/ColgateFB,https://www.lewisvillerecruiting.com/college-search-tool,2026-09-23,https://a.espncdn.com/i/teamlogos/ncaa/500/2142.png,1269
college-of-dupage-illinois-juco,College of DuPage,JUCO,Independent,Glen Ellyn,Illinois,https://gochapsgo.com/sports/football/roster/2025#sidearm-roster-coaches,https://gochapsgo.com/sports/football,https://gochapsgo.com/sb_output.aspx?form=3,https://x.com/dupage_football,https://www.lewisvillerecruiting.com/college-search-tool,2026-09-23,,664
college-of-san-mateo-california-juco,College of San Mateo,JUCO,Bay 6,San Mateo,California,https://csmbulldogs.com/sports/fball/coaches/index,https://csmbulldogs.com/sports/fball/index,https://sanmateo.collegewarroom.com/Recruit/Me/JCFootball/Questionnaire,https://x.com/csm_football,https://www.lewisvillerecruiting.com/college-search-tool,2026-09-23,,1380
college-of-the-canyons-california-juco,College of the Canyons,JUCO,Northern,Santa Clarita,California,https://cocathletics.com/sports/fball/coaches/index,https://cocathletics.com/sports/fball,https://www.fieldlevel.com/canyons/football/recruiting,https://x.com/cocfb,https://www.lewisvillerecruiting.com/college-search-tool,2026-09-23,,1193
college-of-the-desert-california-juco,College of the Desert,JUCO,Mountain,Palm Desert,California,https://www.codathletics.com/sports/fball/coaches/index,https://www.codathletics.com/sports/fball/index,https://www.codathletics.com/sports/fball/Football_Recruit_Forms,https://x.com/cod_athletics,https://www.lewisvillerecruiting.com/college-search-tool,2026-09-23,,1080
college-of-the-redwoods-california-juco,College of the Redwoods,JUCO,Pacific 7,Eureka,California,https://crathletics.redwoods.edu/sports/fball/2025-26/coaches,https://crathletics.redwoods.edu/sports/fball,https://www.fieldlevel.com/redwoods/football/recruiting,https://x.com/_cr_football,https://www.lewisvillerecruiting.com/college-search-tool,2026-09-23,,1485
college-of-the-sequoias-california-juco,College of the Sequoias,JUCO,Valley,Visalia,California,https://cosgiants.com/sports/fball/coaches/index,https://cosgiants.com/sports/fball,https://cosgiants.com/sports/fball,https://x.com/cosgiants_fb,https://www.lewisvillerecruiting.com/college-search-tool,2026-09-23,,1218
college-of-the-siskiyous-california-juco,College of the Siskiyous,JUCO,NorCal,Weed,California,https://www.coseagles.com/sports/fball/COACHES/index,https://www.siskiyous.edu/camps/,https://www.frontrush.com/FR_Web_App/Player/noquestionnaires.aspx,https://x.com/cosfootball,https://www.lewisvillerecruiting.com/college-search-tool,2026-09-23,,1398
college-of-wooster-ohio-d3,College of Wooster,D3,NCAC,Wooster,Ohio,https://woosterathletics.com/sports/football/coaches,https://woosterathletics.com/sports/fball/index,https://www.fieldlevel.com/wooster/football/recruiting,https://x.com/woosterfootball,https://www.lewisvillerecruiting.com/college-search-tool,2026-09-23,https://a.espncdn.com/i/teamlogos/ncaa/500/2748.png,914
colorado-colorado-d1-fbs,Colorado,D1-FBS,Big 12,Boulder,Colorado,https://cubuffs.com/sports/football/coaches,https://cubuffs.com/sports/2006/1/17/225865,https://cubuffs.com/sports/football,https://x.com/CUBuffsFootball,https://www.lewisvillerecruiting.com/college-search-tool,2026-09-23,https://a.espncdn.com/i/teamlogos/ncaa/500/38.png,521
colorado-mesa-university-colorado-d2,Colorado Mesa University,D2,RMAC,Grand Junction,Colorado,https://cmumavericks.com/sports/football/coaches,https://cmumavericks.com/sports/2008/11/14/GEN_1114081724.aspx,https://cmumavericks.com/sports/football,https://x.com/cmumavericks,https://www.lewisvillerecruiting.com/college-search-tool,2026-09-23,https://a.espncdn.com/i/teamlogos/ncaa/500/11.png,652
colorado-school-of-mines-colorado-d2,Colorado School of Mines,D2,RMAC,Golden,Colorado,https://minesathletics.com/sports/football/coaches,https://minesathletics.com/sports/2018/1/22/camps.aspx,https://minesathletics.com/sports/2020/4/21/mines-football-be-recruited.aspx,https://x.com/minesfootball,https://www.lewisvillerecruiting.com/college-search-tool,2026-09-23,https://a.espncdn.com/i/teamlogos/ncaa/500/2146.png,509
colorado-state-colorado-d1-fbs,Colorado State,D1-FBS,Pac-12,Fort Collins,Colorado,https://csurams.com/sports/football/coaches,https://www.csuramfootballcamps.com/,https://questionnaires.armssoftware.com/c965bf3e644e,https://x.com/CSUFootball,https://www.lewisvillerecruiting.com/college-search-tool,2026-09-23,https://a.espncdn.com/i/teamlogos/ncaa/500/36.png,535
colorado-state-university-pueblo-colorado-d2,Colorado State University - Pueblo,D2,RMAC,Pueblo,Colorado,https://gothunderwolves.com/sports/football/coaches,https://www.packfootballcamps.com//,https://gothunderwolves.com/sports/2018/11/26/csu-pueblo-football-prospective-recruit-questionnaire.aspx,https://x.com/csupfootball,https://www.lewisvillerecruiting.com/college-search-tool,2026-09-23,,433
columbia-new-york-d1-fcs,Columbia,D1-FCS,Ivy,New York,New York,https://gocolumbialions.com/sports/football/coaches,https://jonpoppefootball.totalcamps.com/About%20Us,https://questionnaires.armssoftware.com/a11c89254bde,https://x.com/culionsfb,https://www.lewisvillerecruiting.com/college-search-tool,2026-09-23,https://a.espncdn.com/i/teamlogos/ncaa/500/171.png,1317
compton-college-california-juco,Compton College,JUCO,Metro,Compton,California,https://www.comptoncollegeathletics.com/sports/fball/coaches/index,https://www.comptoncollegeathletics.com/sports/fball/index,https://www.fieldlevel.com/compton/football/recruiting,https://x.com/compton_college,https://www.lewisvillerecruiting.com/college-search-tool,2026-09-23,,1181
concord-university-west-virginia-d2,Concord University,D2,MEC,Athens,West Virginia,https://cumountainlions.com/sports/football/coaches,https://cumountainlions.com/sports/2012/6/11/GEN_0611121837.aspx,https://cumountainlions.com/sports/football,https://x.com/concordfootball,https://www.lewisvillerecruiting.com/college-search-tool,2026-09-23,https://a.espncdn.com/i/teamlogos/ncaa/500/2148.png,921
concordia-college-at-moorhead-minnesota-d3,Concordia College at Moorhead,D3,MIAC,Moorhead,Minnesota,https://concordiamn.prestosports.com/sports/fball/coaches/index,https://www.cobbersportscamps.com/,https://www.frontrush.com/FR_Web_App/Player/PlayerSubmit.aspx?sid=2690&ptype=recruit,https://x.com/Cobber_Football,https://www.lewisvillerecruiting.com/college-search-tool,2026-09-23,,776
concordia-university-chicago-illinois-d3,Concordia University - Chicago,D3,NACC,River Forest,Illinois,https://www.cucougars.com/sports/football/coaches,https://www.cucougars.com/sports/2011/3/3/GEN_0303115625.aspx,https://www.cucougars.com/sb_output.aspx?frform=2&path=football,https://x.com/cucfbfamily,https://www.lewisvillerecruiting.com/college-search-tool,2026-09-23,https://a.espncdn.com/i/teamlogos/ncaa/500/2151.png,675
concordia-university-nebraska-nebraska-naia,Concordia University - Nebraska,NAIA,Great Plains Athletic Conference,Seward,Nebraska,https://www.cune.edu/athletics/teams/football/coaches,https://www.cune.edu/athletics/teams/football/camps,https://www.cune.edu/athletics/teams/football/recruit-me,https://x.com/cunefootball,https://www.lewisvillerecruiting.com/college-search-tool,2026-09-23,,364
concordia-university-wisconsin-wisconsin-d3,Concordia University - Wisconsin,D3,NACC,Mequon,Wisconsin,https://cuwfalcons.com/sports/football/coaches,https://cuwfalcons.com/sports/football,https://cuwfalcons.com/sports/2025/7/3/football-recruit-me.aspx,https://x.com/cuwfb,https://www.lewisvillerecruiting.com/college-search-tool,2026-09-23,,725
concordia-university-st-paul-minnesota-d2,Concordia University-St. Paul,D2,NSIC,St. Paul,Minnesota,https://cspbears.com/sports/football/coaches,https://cspbears.com/sports/football,https://cspbears.com/sports/2014/7/21/FB_0721142914.aspx,https://x.com/CSPBearsFB,https://www.lewisvillerecruiting.com/college-search-tool,2026-09-23,https://a.espncdn.com/i/teamlogos/ncaa/500/3066.png,682
concordia-universitymichigan-michigan-naia,Concordia University�Michigan,NAIA,Wolverine-Hoosier,Ann Arbor,Michigan,https://cuaa.prestosports.com/sports/fball/coaches/index,https://www.concordiacardinals.com/sports/fball/index,https://cuaa.prestosports.com/recruiting/fball,https://x.com/cuaa_football,https://www.lewisvillerecruiting.com/college-search-tool,2026-09-23,,867
contra-costa-college-california-juco,Contra Costa College,JUCO,Pacific 7,San Pablo,California,https://www.contracosta.edu/athletics/mens-football/,https://www.contracosta.edu/athletics/mens-football/,https://www.fieldlevel.com/contracosta/football/recruiting,https://x.com/CCCFootball_24,https://www.lewisvillerecruiting.com/college-search-tool,2026-09-23,,1381
copiah-lincoln-community-college-mississippi-juco,Copiah-Lincoln Community College,JUCO,MACCC,Wesson,Mississippi,https://www.colinathletics.com/sports/fball/coaches/index,https://www.colinathletics.com/sports/fball,https://www.fieldlevel.com/fa79eeqd/football/recruiting,https://x.com/colinfootball,https://www.lewisvillerecruiting.com/college-search-tool,2026-09-23,,490
cornell-new-york-d1-fcs,Cornell,D1-FCS,Ivy,Ithaca,New York,https://cornellbigred.com/sports/football/coaches,https://cornellbigred.com/sports/football,https://questionnaires.armssoftware.com/1a8aec04b91c?path=football,https://x.com/BigRed_Football,https://www.lewisvillerecruiting.com/college-search-tool,2026-09-23,https://a.espncdn.com/i/teamlogos/ncaa/500/172.png,1216
cornell-college-iowa-d3,Cornell College,D3,MWC,Mount Vernon,Iowa,https://cornellrams.com/sports/football/coaches,https://www.cornellcollegesportscamps.com/,https://questionnaires.armssoftware.com/1a8aec04b91c?path=football,https://x.com/cornellramsfb,https://www.lewisvillerecruiting.com/college-search-tool,2026-09-23,https://a.espncdn.com/i/teamlogos/ncaa/500/172.png,542
crown-college-minnesota-d3,Crown College,D3,UMAC,St. Bonifacius,Minnesota,https://athletics.crown.edu/sports/football/coaches,https://athletics.crown.edu/sports/2023/4/26/camps.aspx,https://athletics.crown.edu/sports/football,https://x.com/CrownCollegeFB,https://www.lewisvillerecruiting.com/college-search-tool,2026-09-23,https://a.espncdn.com/i/teamlogos/ncaa/500/509.png,
culver-stockton-college-missouri-naia,Culver-Stockton College,NAIA,Heart of America Athletic Conference,Canton,Missouri,https://www.cscwildcats.com/sports/fball/coaches/index,https://www.cscwildcats.com/sports/fball,https://www.cscwildcats.com/sports/fball,https://x.com/cscwildcatsfb,https://www.lewisvillerecruiting.com/college-search-tool,2026-09-23,,448
cumberland-university-tennessee-naia,Cumberland University,NAIA,Mid-South Conference,Lebanon,Tennessee,https://gocumberlandathletics.com/sports/football/coaches,https://www.cumberlandfootballcamps.com/,https://gocumberlandathletics.com/sports/football,https://x.com/CumberlandFB,https://www.lewisvillerecruiting.com/college-search-tool,2026-09-23,,627
curry-college-massachusetts-d3,Curry College,D3,CCC Football,Milton,Massachusetts,https://curryathletics.com/sports/fball/coaches/bandini_skip00.html?view=bio,https://www.curryathletics.com/sports/fball/index,https://curryathletics.com/sports/fball,https://x.com/curryfootball,https://www.lewisvillerecruiting.com/college-search-tool,2026-09-23,https://a.espncdn.com/i/teamlogos/ncaa/500/40.png,1484
dakota-state-university-south-dakota-naia,Dakota State University,NAIA,Frontier Conference,Madison,South Dakota,https://dsuathletics.com/sports/football/coaches,https://dsuathletics.com/sports/football,https://dsuathletics.com/sports/football,https://x.com/DSUFootball,https://www.lewisvillerecruiting.com/college-search-tool,2026-09-23,https://a.espncdn.com/i/teamlogos/ncaa/500/512.png,577
dakota-wesleyan-university-south-dakota-naia,Dakota Wesleyan University,NAIA,Great Plains Athletic Conference,Mitchell,South Dakota,https://dwuathletics.com/sports/fball/coaches/index,https://dwuathletics.com/sports/fball,https://dwuathletics.com/sports/fball,https://x.com/dwtigerfootball,https://www.lewisvillerecruiting.com/college-search-tool,2026-09-23,,557
dartmouth-new-hampshire-d1-fcs,Dartmouth,D1-FCS,Ivy,Hanover,New Hampshire,https://dartmouthsports.com/sports/football/coaches,https://dartmouthsports.com/sports/2018/5/29/camps-offered-on-the-dartmouth-college-campus,https://questionnaires.armssoftware.com/03ad0636b738?path=football,https://x.com/DartmouthFTBL,https://www.lewisvillerecruiting.com/college-search-tool,2026-09-23,https://a.espncdn.com/i/teamlogos/ncaa/500/159.png,1443
davenport-university-michigan-d2,Davenport University,D2,GLIAC,Grand Rapids,Michigan,https://dupanthers.com/sports/football/coaches,https://dupanthers.com/sports/2013/1/3/camps.aspx,https://questionnaires.armssoftware.com/b8262114ecdf,https://x.com/DU_Football,https://www.lewisvillerecruiting.com/college-search-tool,2026-09-23,,807
davidson-north-carolina-d1-fcs,Davidson,D1-FCS,Pioneer,Davidson,North Carolina,https://davidsonwildcats.com/sports/football/coaches,https://davidsonfootball.totalcamps.com/About%20Us,https://questionnaires.armssoftware.com/9fd3f4e0e154,https://x.com/DavidsonFB,https://www.lewisvillerecruiting.com/college-search-tool,2026-09-23,https://a.espncdn.com/i/teamlogos/ncaa/500/2166.png,934
dayton-ohio-d1-fcs,Dayton,D1-FCS,Pioneer,Dayton,Ohio,https://daytonflyers.com/sports/football/coaches,https://www.daytonflyersfootball.com/,https://daytonflyers.com/sports/football,https://x.com/daytonfootball,https://www.lewisvillerecruiting.com/college-search-tool,2026-09-23,https://a.espncdn.com/i/teamlogos/ncaa/500/2168.png,779
de-anza-college-california-juco,De Anza College,JUCO,Pacific 7,Cupertino,California,https://www.deanzasports.com/sports/fball/coaches/index,https://www.deanzasports.com/sports/fball/index,https://www.deanzasports.com/sports/recruiting_form_football,https://x.com/deanzaathletics,https://www.lewisvillerecruiting.com/college-search-tool,2026-09-23,,1365
dean-college-massachusetts-d3,Dean College,D3,MASCAC,Franklin,Massachusetts,https://deanbulldogs.com/sports/football/coaches,https://deanbulldogs.com/sports/football,https://deanbulldogs.com/sports/football,https://x.com/deancollegefb,https://www.lewisvillerecruiting.com/college-search-tool,2026-09-23,https://a.espncdn.com/i/teamlogos/ncaa/500/110438.png,1465
defiance-college-ohio-d3,Defiance College,D3,HCAC,Defiance,Ohio,https://www.defianceathletics.com/sports/fball/coaches/index,https://www.defianceathletics.com/sports/fball,https://www.defianceathletics.com/sports/fball,https://x.com/DefiCollegeFB,https://www.lewisvillerecruiting.com/college-search-tool,2026-09-23,https://a.espncdn.com/i/teamlogos/ncaa/500/190.png,808
delaware-delaware-d1-fbs,Delaware,D1-FBS,C-USA,Newark,Delaware,https://bluehens.com/sports/football/coaches,https://www.delawarefootballcamp.com/,https://questionnaires.armssoftware.com/994eae832622,https://x.com/Delaware_FB,https://www.lewisvillerecruiting.com/college-search-tool,2026-09-23,https://a.espncdn.com/i/teamlogos/ncaa/500/48.png,1217
delaware-state-delaware-d1-fcs,Delaware State,D1-FCS,MEAC,Dover,Delaware,https://dsuhornets.com/sports/football/coaches,https://dsuhornets.com/sports/football,https://questionnaires.armssoftware.com/d50b35477ad7?path=fb,https://x.com/delst_football,https://www.lewisvillerecruiting.com/college-search-tool,2026-09-23,https://a.espncdn.com/i/teamlogos/ncaa/500/2169.png,1226
delaware-valley-university-pennsylvania-d3,Delaware Valley University,D3,MAC,Doylestown,Pennsylvania,https://athletics.delval.edu/sports/football/coaches,https://athletics.delval.edu/sports/football,https://athletics.delval.edu/sports/football,https://x.com/dvufootball,https://www.lewisvillerecruiting.com/college-search-tool,2026-09-23,https://a.espncdn.com/i/teamlogos/ncaa/500/2808.png,1255
delta-state-university-mississippi-d2,Delta State University,D2,Gulf South,Cleveland,Mississippi,https://gostatesmen.com/sports/football/coaches,https://gostatesmen.com/sports/football,https://questionnaires.armssoftware.com/730c69ea09a2,https://x.com/DeltaStateFB,https://www.lewisvillerecruiting.com/college-search-tool,2026-09-23,https://a.espncdn.com/i/teamlogos/ncaa/500/2170.png,406
denison-university-ohio-d3,Denison University,D3,NCAC,Granville,Ohio,https://bigred.denison.edu/sports/football/coaches,https://www.denisonfootballcamps.com/,https://bigred.denison.edu/sports/2020/6/15/football_recruit_questionnaire.aspx,https://x.com/dufootball,https://www.lewisvillerecruiting.com/college-search-tool,2026-09-23,https://a.espncdn.com/i/teamlogos/ncaa/500/2171.png,870
depauw-university-indiana-d3,DePauw University,D3,NCAC,Greencastle,Indiana,https://depauwtigers.com/sports/football/coaches,https://depauwtigers.com/sports/football,https://questionnaires.armssoftware.com/f97bc5322c35,https://x.com/depauwtigersfb,https://www.lewisvillerecruiting.com/college-search-tool,2026-09-23,https://a.espncdn.com/i/teamlogos/ncaa/500/83.png,642
diablo-valley-college-california-juco,Diablo Valley College,JUCO,Bay 6,Pleasant Hill,California,https://www.dvcvikings.com/sports/fball/coaches/index,https://www.dvcvikings.com/sports/fball,https://dvcvikings.com/sports/fball/Football_Recruiting_Form,https://x.com/DVCVikingsFB,https://www.lewisvillerecruiting.com/college-search-tool,2026-09-23,,1365
dickinson-college-pennsylvania-d3,Dickinson College,D3,Centennial,Carlisle,Pennsylvania,https://dickinsonathletics.com/sports/football/coaches,https://dickinsonathletics.com/sports/football,https://dickinsonathletics.com/sports/2022/8/2/football-recruit-questionnaire.aspx,https://x.com/dcreddevilfb,https://www.lewisvillerecruiting.com/college-search-tool,2026-09-23,https://a.espncdn.com/i/teamlogos/ncaa/500/2175.png,1147
dickinson-state-university-north-dakota-naia,Dickinson State University,NAIA,Frontier Conference,Dickinson,North Dakota,https://dsubluehawks.com/sports/football/roster#sidearm-roster-coaches,https://dsubluehawks.com/documents/2025/5/8/2025_DSU_FB_Hawk_Camp_Brochure.pdf,https://dsubluehawks.com/sports/football,https://x.com/BlueHawkFB,https://www.lewisvillerecruiting.com/college-search-tool,2026-09-23,,823
doane-university-nebraska-naia,Doane University,NAIA,Great Plains Athletic Conference,Crete,Nebraska,https://www.doaneathletics.com/sports/fball/coaches/index,https://www.doaneathletics.com/sports/fball/index,https://www.doaneathletics.com/sports/fball,https://x.com/DoaneFootball,https://www.lewisvillerecruiting.com/college-search-tool,2026-09-23,,345
dodge-city-community-college-kansas-juco,Dodge City Community College,JUCO,KJCCC,Dodge City,Kansas,https://goconqs.com/sports/football/roster,https://goconqs.com/sports/football,https://goconqs.com/sports/football,https://x.com/goconqsfb,https://www.lewisvillerecruiting.com/college-search-tool,2026-09-23,,202
dordt-university-iowa-naia,Dordt University,NAIA,Great Plains Athletic Conference,Sioux Center,Iowa,https://godordt.com/sports/football/coaches,https://godordt.com/sports/2022/8/8/football-camps.aspx,https://godordt.com/sports/football,https://x.com/DordtFB,https://www.lewisvillerecruiting.com/college-search-tool,2026-09-23,,518
drake-iowa-d1-fcs,Drake,D1-FCS,Pioneer,Des Moines,Iowa,https://godrakebulldogs.com/sports/football/coaches,https://www.drakefootballcamps.com/,https://questionnaires.armssoftware.com/5cdd7884cf6e,https://x.com/drakebulldogsfb,https://www.lewisvillerecruiting.com/college-search-tool,2026-09-23,https://a.espncdn.com/i/teamlogos/ncaa/500/2181.png,461
duke-north-carolina-d1-fbs,Duke,D1-FBS,ACC,Durham,North Carolina,https://goduke.com/sports/football/coaches,https://dukefootballcamps.totalcamps.com/About%20Us,https://questionnaires.armssoftware.com/fea53f18262f,https://x.com/DukeFOOTBALL,https://www.lewisvillerecruiting.com/college-search-tool,2026-09-23,https://a.espncdn.com/i/teamlogos/ncaa/500/150.png,1040
duquesne-pennsylvania-d1-fcs,Duquesne,D1-FCS,Northeast,Pittsburgh,Pennsylvania,https://goduquesne.com/sports/football/coaches,https://jerryschmittfootballcamps.totalcamps.com/About%20Us,https://goduquesne.com/sports/football,https://x.com/DuqFB,https://www.lewisvillerecruiting.com/college-search-tool,2026-09-23,https://a.espncdn.com/i/teamlogos/ncaa/500/2184.png,1005
east-carolina-north-carolina-d1-fbs,East Carolina,D1-FBS,American,Greenville,North Carolina,https://ecupirates.com/sports/football/coaches,https://www.blakeharrellfootballcampsllc.com/,https://www.fieldlevel.com/ecu/football/recruiting,https://x.com/ECUPiratesFB,https://www.lewisvillerecruiting.com/college-search-tool,2026-09-23,https://a.espncdn.com/i/teamlogos/ncaa/500/151.png,1127
east-central-community-college-mississippi-juco,East Central Community College,JUCO,MACCC,Decatur,Mississippi,https://ecccathletics.com/sports/fball/coaches/index,https://ecccathletics.com/sports/fball,https://ecccathletics.com/sports/fball,https://x.com/eccc_football,https://www.lewisvillerecruiting.com/college-search-tool,2026-09-23,,528
east-central-university-oklahoma-d2,East Central University,D2,GAC,Ada,Oklahoma,https://ecutigers.com/sports/football/coaches,https://www.ecufootballcamp.com/,https://www.fieldlevel.com/ecok/football/recruiting,https://x.com/ecutigersfb,https://www.lewisvillerecruiting.com/college-search-tool,2026-09-23,https://a.espncdn.com/i/teamlogos/ncaa/500/2191.png,76
east-los-angeles-college-california-juco,East Los Angeles College,JUCO,Metro,Monterey Park,California,https://www.elacathletics.com/sports/fball/coaches/index,https://www.elacathletics.com/sports/fball/index,https://www.elacathletics.com/sports/fball,https://x.com/ELAC_Football,https://www.lewisvillerecruiting.com/college-search-tool,2026-09-23,,1173
east-mississippi-community-college-mississippi-juco,East Mississippi Community College,JUCO,MACCC,Scooba,Mississippi,https://www.emccathletics.com/sports/fball/coaches/index,https://www.emccathletics.com/sports/fball,https://www.emccathletics.com/sports/fball,https://x.com/EMCCathletics,https://www.lewisvillerecruiting.com/college-search-tool,2026-09-23,,550
east-stroudsburg-university-pennsylvania-d2,East Stroudsburg University,D2,PSAC,East Stroudsburg,Pennsylvania,https://esuwarriors.com/staff-directory,https://football.esuwarriorcamps.com/,https://questionnaires.armssoftware.com/c096c4aa54b2,https://x.com/esu_football,https://www.lewisvillerecruiting.com/college-search-tool,2026-09-23,https://a.espncdn.com/i/teamlogos/ncaa/500/2188.png,1260
east-tennessee-state-tennessee-d1-fcs,East Tennessee State,D1-FCS,Southern,Johnson City,Tennessee,https://etsubucs.com/sports/football/coaches,https://etsubucs.com/sports/2023/7/24/_133347007970534047.aspx,https://questionnaires.armssoftware.com/d515302e88a5,https://x.com/ETSUFootball,https://www.lewisvillerecruiting.com/college-search-tool,2026-09-23,https://a.espncdn.com/i/teamlogos/ncaa/500/2193.png,846
east-texas-a-m-texas-d1-fcs,East Texas A&M,D1-FCS,Southland,Commerce,Texas,https://lionathletics.com/sports/football/coaches,https://www.clintdolezelfootballcamps.com/,https://lionathletics.com/sports/football,https://x.com/Lions_FB,https://www.lewisvillerecruiting.com/college-search-tool,2026-09-23,https://a.espncdn.com/i/teamlogos/ncaa/500/2837.png,189
east-texas-baptist-university-texas-d3,East Texas Baptist University,D3,ASC,Marshall,Texas,https://goetbutigers.com/sports/football/coaches,https://football.etbusportscamps.com/,https://goetbutigers.com/sb_output.aspx?frform=8&path=football,https://x.com/ETBU_Football,https://www.lewisvillerecruiting.com/college-search-tool,2026-09-23,https://a.espncdn.com/i/teamlogos/ncaa/500/2194.png,279
eastern-illinois-illinois-d1-fcs,Eastern Illinois,D1-FCS,Ohio Valley,Charleston,Illinois,https://eiupanthers.com/sports/football/coaches,https://eiupanthers.com/sports/2008/9/17/sidebar_sportscamps.aspx#Football,https://questionnaires.armssoftware.com/b793bb41ab3f,https://x.com/EIU_FB,https://www.lewisvillerecruiting.com/college-search-tool,2026-09-23,https://a.espncdn.com/i/teamlogos/ncaa/500/2197.png,574
eastern-kentucky-kentucky-d1-fcs,Eastern Kentucky,D1-FCS,UAC,Richmond,Kentucky,https://ekusports.com/sports/football/coaches,https://www.ekufootballcamps.com/,https://www.fieldlevel.com/eku/football/recruiting,https://x.com/EKUFootball,https://www.lewisvillerecruiting.com/college-search-tool,2026-09-23,https://a.espncdn.com/i/teamlogos/ncaa/500/2198.png,744
eastern-michigan-michigan-d1-fbs,Eastern Michigan,D1-FBS,MAC,Ypsilanti,Michigan,https://emueagles.com/sports/football/coaches,https://emufootballcamps.totalcamps.com/About%20Us,https://questionnaires.armssoftware.com/0b95647b5489?path=football,https://x.com/EMUFB,https://www.lewisvillerecruiting.com/college-search-tool,2026-09-23,https://a.espncdn.com/i/teamlogos/ncaa/500/2199.png,871
eastern-new-mexico-university-new-mexico-d2,Eastern New Mexico University,D2,LSC,Portales,New Mexico,https://goeasternathletics.com/sports/football/coaches,https://easternnewmexicofootballcamps.totalcamps.com/About%20Us,https://goeasternathletics.com/sb_output.aspx?form=11,https://x.com/enmufootball,https://www.lewisvillerecruiting.com/college-search-tool,2026-09-23,https://a.espncdn.com/i/teamlogos/ncaa/500/2201.png,347
eastern-oregon-university-oregon-naia,Eastern Oregon University,NAIA,Cascade,La Grande,Oregon,https://eousports.com/sports/football/coaches,https://eousports.com/sports/2016/2/18/FB_0218164458.aspx,https://www.fieldlevel.com/eou/football/recruiting,https://x.com/eoufootball,https://www.lewisvillerecruiting.com/college-search-tool,2026-09-23,,1267
eastern-university-pennsylvania-d3,Eastern University,D3,MAC,Radnor,Pennsylvania,https://goeasterneagles.com/staff-directory/football-department/28,https://goeasterneagles.com/sports/football,https://goeasterneagles.com/news/2021/9/24/eastern-football-recruiting.aspx,https://x.com/EUEaglesFB,https://www.lewisvillerecruiting.com/college-search-tool,2026-09-23,https://a.espncdn.com/i/teamlogos/ncaa/500/127954.png,1241
eastern-washington-washington-d1-fcs,Eastern Washington,D1-FCS,Big Sky,Cheney,Washington,https://goeags.com/sports/football/coaches,https://ewufootball.totalcamps.com/About%20Us,https://questionnaires.armssoftware.com/db76d9b577f3,https://x.com/ewuathletics,https://www.lewisvillerecruiting.com/college-search-tool,2026-09-23,https://a.espncdn.com/i/teamlogos/ncaa/500/331.png,1315
edinboro-university-pennsylvania-d2,Edinboro University,D2,PSAC,Edinboro,Pennsylvania,https://gofightingscots.com/staff-directory,https://gofightingscots.com/sports/2021/5/12/sports-camps.aspx,https://questionnaires.armssoftware.com/09ec29373cf7,https://x.com/edinborofb,https://www.lewisvillerecruiting.com/college-search-tool,2026-09-23,https://a.espncdn.com/i/teamlogos/ncaa/500/2205.png,1026
edward-waters-university-florida-d2,Edward Waters University,D2,SIAC,Jacksonville,Florida,https://ewutigerpride.com/sports/football/coaches/2022,https://ewutigerpride.com/sports/football,https://www.fieldlevel.com/ewc/football/recruiting,https://x.com/ewc_tigersfb,https://www.lewisvillerecruiting.com/college-search-tool,2026-09-23,https://a.espncdn.com/i/teamlogos/ncaa/500/2206.png,986
el-camino-college-california-juco,El Camino College,JUCO,Central,Torrance,California,https://eccwarriors.com/sports/fball/coaches/index,https://eccwarriors.com/sports/fball/index,https://www.fieldlevel.com/elcamino/football/recruiting,https://x.com/fbwarriorsecc,https://www.lewisvillerecruiting.com/college-search-tool,2026-09-23,,1189
elizabeth-city-state-university-north-carolina-d2,Elizabeth City State University,D2,CIAA,Elizabeth City,North Carolina,https://ecsuvikings.com/staff-directory,https://marcushilliardfootballcamps.launchtrack.events/register/marcus-hilliard-football-camp/information,https://www.fieldlevel.com/ecsu/football/recruiting,https://x.com/ecsufbl,https://www.lewisvillerecruiting.com/college-search-tool,2026-09-23,https://a.espncdn.com/i/teamlogos/ncaa/500/2207.png,1185
ellsworth-community-college-iowa-juco,Ellsworth Community College,JUCO,Independent,Iowa Falls,Iowa,https://www.eccathletics.com/sports/fball/coaches/index,https://www.eccathletics.com/sports/fball,https://questionnaires.armssoftware.com/1aa65a224bba,https://x.com/ellsworthftball,https://www.lewisvillerecruiting.com/college-search-tool,2026-09-23,,526
elmhurst-university-illinois-d3,Elmhurst University,D3,CCIW,Elmhurst,Illinois,https://elmhurstbluejays.com/sports/football/coaches,https://elmhurstbluejays.com/sports/2009/8/5/camps.aspx#FB,https://elmhurstbluejays.com/sports/2019/4/9/football-recruitment-form.aspx?id=106,https://x.com/ElmhurstU_FB,https://www.lewisvillerecruiting.com/college-search-tool,2026-09-23,https://a.espncdn.com/i/teamlogos/ncaa/500/72.png,670
elon-north-carolina-d1-fcs,Elon,D1-FCS,CAA,Elon,North Carolina,https://elonphoenix.com/sports/football/roster#sidearm-roster-coaches,https://elonfootballcamps.totalcamps.com/About%20Us,https://questionnaires.armssoftware.com/15f6159d5d21,https://x.com/ElonFootball,https://www.lewisvillerecruiting.com/college-search-tool,2026-09-23,https://a.espncdn.com/i/teamlogos/ncaa/500/2210.png,1005
emory-henry-university-virginia-d3,Emory & Henry University,D3,ODAC,Emory,Virginia,https://www.gowasps.com/sports/fball/coaches/index_football,https://www.gowasps.com/sports/fball/index,https://questionnaires.armssoftware.com/c878e030ab9a,https://x.com/EmoryHenry_FB,https://www.lewisvillerecruiting.com/college-search-tool,2026-09-23,https://a.espncdn.com/i/teamlogos/ncaa/500/2213.png,874
emory-and-henry-college-virginia-d2,Emory and Henry College,D2,SAC,Emory,Virginia,https://www.gowasps.com/sports/fball/coaches/index_football,https://waspsfootballcamps.totalcamps.com/About%20Us,https://questionnaires.armssoftware.com/c878e030ab9a,https://x.com/EmoryHenry_FB,https://www.lewisvillerecruiting.com/college-search-tool,2026-09-23,https://a.espncdn.com/i/teamlogos/ncaa/500/2213.png,874
emporia-state-university-kansas-d2,Emporia State University,D2,MIAA,Emporia,Kansas,https://esuhornets.com/sports/football/coaches,https://www.esuhornetfootballcamps.com/,https://www.fieldlevel.com/emporia/football/recruiting,https://x.com/ESUHornetsFB,https://www.lewisvillerecruiting.com/college-search-tool,2026-09-23,https://a.espncdn.com/i/teamlogos/ncaa/500/2214.png,203
endicott-college-massachusetts-d3,Endicott College,D3,CCC Football,Beverly,Massachusetts,https://www.ecgulls.com/sports/fball/coaches/index,https://www.ecgulls.com/sports/fball,https://www.ecgulls.com/sports/fball,https://x.com/EndicottFB,https://www.lewisvillerecruiting.com/college-search-tool,2026-09-23,https://a.espncdn.com/i/teamlogos/ncaa/500/452.png,1496
erskine-college-south-carolina-d2,Erskine College,D2,Conference Carolinas,Due West,South Carolina,https://erskinesports.com/sports/football/coaches,https://erskinesports.com/sports/2021/7/15/fleet-football-youth-camp,https://www.fieldlevel.com/erskine/football/recruiting,https://x.com/FleetFB,https://www.lewisvillerecruiting.com/college-search-tool,2026-09-23,https://a.espncdn.com/i/teamlogos/ncaa/500/101784.png,858
eureka-college-illinois-d3,Eureka College,D3,NACC,Eureka,Illinois,https://www.eurekareddevils.com/sports/fball/coaches/index,https://www.eurekareddevils.com/sports/fball,https://www.fieldlevel.com/eureka/football/recruiting,https://x.com/ECRDFootball,https://www.lewisvillerecruiting.com/college-search-tool,2026-09-23,https://a.espncdn.com/i/teamlogos/ncaa/500/101.png,566
evangel-university-missouri-naia,Evangel University,NAIA,Heart of America Athletic Conference,Springfield,Missouri,https://evangelathletics.com/sports/football,https://www.evangelcamps.com/,https://www.fieldlevel.com/evangel/football/recruiting,https://x.com/evangel_fb,https://www.lewisvillerecruiting.com/college-search-tool,2026-09-23,,256
fairleigh-dickinson-university-college-at-florham-new-jersey-d3,Fairleigh Dickinson University - College at Florham,D3,MAC,Madison,New Jersey,https://fdudevils.com/sports/football/coaches,https://fdudevils.com/sports/2009/8/26/GEN_0826094922.aspx,https://www.fieldlevel.com/pgxyk4xf/football/recruiting,https://x.com/FDUFootball,https://www.lewisvillerecruiting.com/college-search-tool,2026-09-23,,1297
fairmont-state-university-west-virginia-d2,Fairmont State University,D2,MEC,Fairmont,West Virginia,https://fightingfalcons.com/sports/football/coaches,https://falconfootball.totalcamps.com/About%20Us,https://questionnaires.armssoftware.com/403e032f0bd0,https://x.com/fairmontstatefb,https://www.lewisvillerecruiting.com/college-search-tool,2026-09-23,https://a.espncdn.com/i/teamlogos/ncaa/500/2986.png,984
faulkner-university-alabama-naia,Faulkner University,NAIA,Southern States,Montgomery,Alabama,https://faulknereagles.com/sports/football/coaches,https://faulknereagles.com/sports/2020/7/31/camps-and-clinics.aspx,https://faulknereagles.com/sports/football,https://x.com/FaulknerFTBL,https://www.lewisvillerecruiting.com/college-search-tool,2026-09-23,,679
fayetteville-state-university-north-carolina-d2,Fayetteville State University,D2,CIAA,Fayetteville,North Carolina,https://fsubroncos.com/sports/football/coaches,https://fsubroncos.com/registrations/#!/camps/,https://fsubroncos.com/sports/football,https://x.com/FSUBroncos,https://www.lewisvillerecruiting.com/college-search-tool,2026-09-23,https://a.espncdn.com/i/teamlogos/ncaa/500/2220.png,1047
feather-river-college-california-juco,Feather River College,JUCO,NorCal,Quincy,California,https://athletics.frc.edu/sports/fball/coaches/index,https://athletics.frc.edu/sports/fball/index,https://athletics.frc.edu/sports/fball,https://x.com/frc_football,https://www.lewisvillerecruiting.com/college-search-tool,2026-09-23,,1311
ferris-state-university-michigan-d2,Ferris State University,D2,GLIAC,Big Rapids,Michigan,https://www.ferrisstatebulldogs.com/sports/fball/coaches/index,https://www.ferrisstatebulldogs.com/sports/fball,https://www.ferrisstatebulldogs.com/sports/fball,https://x.com/ferrisfootball,https://www.lewisvillerecruiting.com/college-search-tool,2026-09-23,https://a.espncdn.com/i/teamlogos/ncaa/500/2222.png,845
ferrum-college-virginia-d3,Ferrum College,D3,ODAC,Ferrum,Virginia,https://ferrumpanthers.com/sports/football/coaches,https://ferrumpanthers.com/sports/football,https://ferrumpanthers.com/sports/2022/6/29/football-recruit-form.aspx,https://x.com/FerrumFootball,https://www.lewisvillerecruiting.com/college-search-tool,2026-09-23,https://a.espncdn.com/i/teamlogos/ncaa/500/366.png,975
fitchburg-state-university-massachusetts-d3,Fitchburg State University,D3,MASCAC,Fitchburg,Massachusetts,https://www.fitchburgfalcons.com/sports/fball/coaches/index,https://www.fitchburgfalcons.com/sports/fball/index,https://www.fitchburgfalcons.com/sports/fball,https://x.com/FSUFalconsFB,https://www.lewisvillerecruiting.com/college-search-tool,2026-09-23,https://a.espncdn.com/i/teamlogos/ncaa/500/114.png,1451
fiu-florida-d1-fbs,FIU,D1-FBS,C-USA,Miami,Florida,https://fiusports.com/sports/football/roster?path=football#sidearm-roster-coaches,https://fiusports.com/sports/football,https://fiusports.com/sports/football,https://x.com/FIUFootball,https://www.lewisvillerecruiting.com/college-search-tool,2026-09-23,https://a.espncdn.com/i/teamlogos/ncaa/500/2229.png,1230
florida-florida-d1-fbs,Florida,D1-FBS,SEC,Gainesville,Florida,https://floridagators.com/sports/football/coaches,https://floridagators.com/sports/2015/12/10/_camps_,https://www.fieldlevel.com/d4fnxyh3/football/recruiting,https://x.com/GatorsFB,https://www.lewisvillerecruiting.com/college-search-tool,2026-09-23,https://a.espncdn.com/i/teamlogos/ncaa/500/57.png,973
florida-a-m-florida-d1-fcs,Florida A&M,D1-FCS,SWAC,Tallahassee,Florida,https://famuathletics.com/sports/football/coaches/2025,https://famuathletics.com/sports/football,https://www.fieldlevel.com/famu/football/recruiting,https://x.com/FAMU_FB,https://www.lewisvillerecruiting.com/college-search-tool,2026-09-23,https://a.espncdn.com/i/teamlogos/ncaa/500/50.png,844
florida-atlantic-florida-d1-fbs,Florida Atlantic,D1-FBS,American,Boca Raton,Florida,https://fausports.com/sports/football/coaches,https://fausports.com/sports/2018/5/25/camps-fau-camps-html,https://questionnaires.armssoftware.com/4f0d0d975c59,https://x.com/faufootball,https://www.lewisvillerecruiting.com/college-search-tool,2026-09-23,https://a.espncdn.com/i/teamlogos/ncaa/500/2226.png,1211
florida-memorial-university-florida-naia,Florida Memorial University,NAIA,Sun,Miami Gardens,Florida,https://athletics.fmu.edu/sports/football/roster/coaches/timothy-harris/266,https://athletics.fmu.edu/splash.aspx?id=splash_23&path=fball,https://www.wearefc.com/SIDHelp.php?action=form&parameters=1,https://x.com/fmulionsfb,https://www.lewisvillerecruiting.com/college-search-tool,2026-09-23,,1220
florida-state-florida-d1-fbs,Florida State,D1-FBS,ACC,Tallahassee,Florida,https://seminoles.com/sports/football/coaches,https://www.coachnorvellcamps.com/,https://college.jumpforward.com/questionnaire.aspx?iid=348&sportid=18,https://x.com/FSUFootball,https://www.lewisvillerecruiting.com/college-search-tool,2026-09-23,https://a.espncdn.com/i/teamlogos/ncaa/500/52.png,844
foothill-college-california-juco,Foothill College,JUCO,Pacific 7,Los Altos Hills,California,https://foothill.prestosports.com/sports/fball/coaches/index,https://foothill.prestosports.com/sports/fball/index,https://foothill.prestosports.com/information/Recruiting_Questionnaire,https://x.com/owlfootball_,https://www.lewisvillerecruiting.com/college-search-tool,2026-09-23,,1371
fordham-new-york-d1-fcs,Fordham,D1-FCS,Patriot,New York,New York,https://fordhamsports.com/sports/football/coaches,https://www.joeconlinfootballcamps.com/,https://questionnaires.armssoftware.com/f8b363467a11,https://x.com/FORDHAMFOOTBALL,https://www.lewisvillerecruiting.com/college-search-tool,2026-09-23,https://a.espncdn.com/i/teamlogos/ncaa/500/2230.png,1317
fort-hays-state-university-kansas-d2,Fort Hays State University,D2,MIAA,Hays,Kansas,https://fhsuathletics.com/sports/football/coaches,https://fhsuathletics.com/sports/2010/7/8/FB_0708104858.aspx,https://fhsuathletics.com/sports/football,https://x.com/fhsufootball,https://www.lewisvillerecruiting.com/college-search-tool,2026-09-23,,245
fort-lauderdale-florida-naia,Fort Lauderdale,NAIA,Independent,Fort Lauderdale,Florida,https://uftlathletics.com/sports/football/roster?path=football#sidearm-roster-coaches,https://uftlathletics.com/sports/football,https://uftlathletics.com/sports/2021/6/23/recruiting-questionnaire.aspx,https://mobile.twitter.com/uftlfootball,https://www.lewisvillerecruiting.com/college-search-tool,2026-09-23,,1218
fort-lewis-college-colorado-d2,Fort Lewis College,D2,RMAC,Durango,Colorado,https://goskyhawks.com/sports/football/coaches,https://goskyhawks.com/sports/2021/6/16/football-camps-page.aspx,https://goskyhawks.com/sb_output.aspx?form=30,https://x.com/flcskyhawks,https://www.lewisvillerecruiting.com/college-search-tool,2026-09-23,https://a.espncdn.com/i/teamlogos/ncaa/500/2237.png,588
fort-scott-cc-kansas-juco,Fort Scott CC,JUCO,KJCCC,Fort Scott,Kansas,https://www.fsgreyhounds.com/sports/fball/coaches/index,https://www.fsgreyhounds.com/sports/fball/index,https://www.fsgreyhounds.com/sports/fball,https://x.com/fsccfootball,https://www.lewisvillerecruiting.com/college-search-tool,2026-09-23,,215
fort-valley-state-university-georgia-d2,Fort Valley State University,D2,SIAC,Fort Valley,Georgia,https://fvsusports.com/sports/football/coaches,https://fvsusports.com/sports/football,https://www.fieldlevel.com/fvsu/football/recruiting,https://x.com/fvsufootball,https://www.lewisvillerecruiting.com/college-search-tool,2026-09-23,https://a.espncdn.com/i/teamlogos/ncaa/500/2232.png,806
framingham-state-university-massachusetts-d3,Framingham State University,D3,MASCAC,Framingham,Massachusetts,https://www.fsurams.com/sports/fball/coaches/index,https://www.fsurams.com/sports/fball/index,https://www.fsurams.com/sports/fball,https://x.com/fsuramsfootball,https://www.lewisvillerecruiting.com/college-search-tool,2026-09-23,https://a.espncdn.com/i/teamlogos/ncaa/500/2967.png,1466
franklin-marshall-college-pennsylvania-d3,Franklin & Marshall College,D3,Centennial,Lancaster,Pennsylvania,https://godiplomats.com/sports/football/coaches,https://godiplomats.com/sports/football,https://www.fieldlevel.com/fandm/football/recruiting,https://x.com/fandmfootball,https://www.lewisvillerecruiting.com/college-search-tool,2026-09-23,https://a.espncdn.com/i/teamlogos/ncaa/500/2234.png,1191
franklin-college-indiana-d3,Franklin College,D3,HCAC,Franklin,Indiana,https://franklingrizzlies.com/sports/football/coaches,https://franklingrizzlies.com/sports/football,https://franklingrizzlies.com/sports/2022/8/30/football-recruit-questionnaire.aspx,https://x.com/FCGrizFootball,https://www.lewisvillerecruiting.com/college-search-tool,2026-09-23,https://a.espncdn.com/i/teamlogos/ncaa/500/2233.png,679
franklin-pierce-university-new-hampshire-d2,Franklin Pierce University,D2,NE-10,Rindge,New Hampshire,https://fpuravens.com/sports/football/roster#sidearm-roster-coaches,https://fpuravens.com/sports/fball/index,https://questionnaires.armssoftware.com/7ceb526a27b9,https://x.com/ravens_fb,https://www.lewisvillerecruiting.com/college-search-tool,2026-09-23,https://a.espncdn.com/i/teamlogos/ncaa/500/112334.png,1442
fresno-city-college-california-juco,Fresno City College,JUCO,Valley,Fresno,California,https://fresnocc.prestosports.com/sports/fball/coaches/index,https://fresnocc.prestosports.com/camps/index,https://fresnocc.prestosports.com/information/recruits/forms/Mens_Football_Prospective_Athletes_Form,https://x.com/goramfootball,https://www.lewisvillerecruiting.com/college-search-tool,2026-09-23,,1243
fresno-state-california-d1-fbs,Fresno State,D1-FBS,Pac-12,Fresno,California,https://gobulldogs.com/sports/football/coaches,https://www.fresnostatefootballcamps.com/,https://questionnaires.armssoftware.com/43d0748bd98a,https://x.com/FresnoStateFB,https://www.lewisvillerecruiting.com/college-search-tool,2026-09-23,https://a.espncdn.com/i/teamlogos/ncaa/500/278.png,1243
friends-university-kansas-naia,Friends University,NAIA,Kansas Collegiate Athletic Conference,Wichita,Kansas,https://friendsathletics.com/sports/football/coaches,https://friendsathletics.com/sports/football,https://www.fieldlevel.com/friends/football/recruiting,https://mobile.twitter.com/falconsfu,https://www.lewisvillerecruiting.com/college-search-tool,2026-09-23,,141
frostburg-state-university-maryland-d2,Frostburg State University,D2,MEC,Frostburg,Maryland,https://frostburgsports.com/sports/football/coaches,https://frostburgsports.com/sports/2022/7/1/frostburg-camps.aspx,https://questionnaires.armssoftware.com/76d341441122?path=football,https://x.com/frostburgfball,https://www.lewisvillerecruiting.com/college-search-tool,2026-09-23,https://a.espncdn.com/i/teamlogos/ncaa/500/341.png,1050
fullerton-college-california-juco,Fullerton College,JUCO,Southern,Fullerton,California,https://www.fchornets.com/sports/fball/coaches/index,https://www.fchornets.com/sports/fball/index,https://www.fchornets.com/sports/fball,https://x.com/fullcoll_fb,https://www.lewisvillerecruiting.com/college-search-tool,2026-09-23,,1165
furman-south-carolina-d1-fcs,Furman,D1-FCS,Southern,Greenville,South Carolina,https://furmanpaladins.com/sports/football/coaches,https://furmanfootball.totalcamps.com/About%20Us,https://furmanpaladins.com/sports/football,https://x.com/PaladinFootball,https://www.lewisvillerecruiting.com/college-search-tool,2026-09-23,https://a.espncdn.com/i/teamlogos/ncaa/500/231.png,852
gallaudet-university-d-c-d3,Gallaudet University,D3,ECFC,Washington,D.C.,https://gallaudetbison.com/sports/football/coaches,https://gallaudetbison.com/sports/football,https://questionnaires.armssoftware.com/51064743a0bd,https://x.com/GallaudetBison,https://www.lewisvillerecruiting.com/college-search-tool,2026-09-23,https://a.espncdn.com/i/teamlogos/ncaa/500/417.png,1143
gannon-university-pennsylvania-d2,Gannon University,D2,PSAC,Erie,Pennsylvania,https://gannonsports.com/sports/football/coaches,https://gannonfootballcamps.totalcamps.com/About%20Us,https://questionnaires.armssoftware.com/a548a8143ff9,https://x.com/footballgannon,https://www.lewisvillerecruiting.com/college-search-tool,2026-09-23,https://a.espncdn.com/i/teamlogos/ncaa/500/367.png,1034
garden-city-community-college-kansas-juco,Garden City Community College,JUCO,KJCCC,Garden City,Kansas,https://www.gobroncbusters.com/sports/fball/coaches/index,https://gobroncbusters.com/sports/fball/index,https://www.gobroncbusters.com/sports/fball,https://x.com/gccc_football,https://www.lewisvillerecruiting.com/college-search-tool,2026-09-23,,247
gardner-webb-north-carolina-d1-fcs,Gardner-Webb,D1-FCS,Big South,Boiling Springs,North Carolina,https://gwusports.com/sports/football/coaches,https://crisreisertfootballcamps.totalcamps.com/About%20Us,https://www.fieldlevel.com/gardner-webb/football/recruiting,https://x.com/GWUFootball,https://www.lewisvillerecruiting.com/college-search-tool,2026-09-23,https://a.espncdn.com/i/teamlogos/ncaa/500/2241.png,889
gavilan-college-california-juco,Gavilan College,JUCO,Golden Coast,Gilroy,California,https://www.gavilanrams.com/sports/fball/coaches/index,https://www.gavilanrams.com/sports/fball/index,https://www.fieldlevel.com/7pcfyedf/football/recruiting,https://x.com/gavilanramsfb,https://www.lewisvillerecruiting.com/college-search-tool,2026-09-23,,1341
geneva-college-pennsylvania-d3,Geneva College,D3,PAC,Beaver Falls,Pennsylvania,https://athletics.geneva.edu/staff-directory/football-department/6,https://www.genevasportscamps.com/fall-campsclinics.cfm,https://apply.geneva.edu/register/athletic_questionnaire?sys:sport:sport=bdc1eb3c-0063-48a5-b3eb-6866d6a66ecd,https://x.com/genevacollegefb,https://www.lewisvillerecruiting.com/college-search-tool,2026-09-23,https://a.espncdn.com/i/teamlogos/ncaa/500/2242.png,994
george-fox-university-oregon-d3,George Fox University,D3,NWC,Newberg,Oregon,https://athletics.georgefox.edu/sports/football/coaches,https://football.bruincamps.com/,https://athletics.georgefox.edu/sports/2021/7/1/tfxc-recruits-submit-your-info.aspx,https://x.com/gfufootball,https://www.lewisvillerecruiting.com/college-search-tool,2026-09-23,https://a.espncdn.com/i/teamlogos/ncaa/500/415.png,1488
georgetown-d-c-d1-fcs,Georgetown,D1-FCS,Patriot,Washington,D.C.,https://guhoyas.com/sports/football/coaches/2021,https://guhoyas.com/sports/football,https://questionnaires.armssoftware.com/7d5107e1a07d,https://x.com/HoyasFB,https://www.lewisvillerecruiting.com/college-search-tool,2026-09-23,https://a.espncdn.com/i/teamlogos/ncaa/500/46.png,1143
georgetown-college-kentucky-naia,Georgetown College,NAIA,Mid-South Conference,Georgetown,Kentucky,https://www.georgetowncollegeathletics.com/sports/fball/coaches/index,https://www.georgetowncollegeathletics.com/sports/fball,https://questionnaires.armssoftware.com/7d5107e1a07d,https://x.com/gtown_football,https://www.lewisvillerecruiting.com/college-search-tool,2026-09-23,https://a.espncdn.com/i/teamlogos/ncaa/500/46.png,734
georgia-georgia-d1-fbs,Georgia,D1-FBS,SEC,Athens,Georgia,https://georgiadogs.com/sports/football/coaches,http://www.georgiadogsmedia.com/KirbySmartCamp/,https://georgiadogs.com/sports/football,https://x.com/GeorgiaFootball,https://www.lewisvillerecruiting.com/college-search-tool,2026-09-23,https://a.espncdn.com/i/teamlogos/ncaa/500/61.png,808
georgia-military-college-milledgeville-georgia-juco,Georgia Military College - Milledgeville,JUCO,Independent,Milledgeville,Georgia,https://www.gmcbulldogs.com/sports/fball/Coaches/index,https://www.gmcbulldogs.com/sports/fball/index,https://www.gmcbulldogs.com/sports/fball,https://x.com/gmc_football,https://www.lewisvillerecruiting.com/college-search-tool,2026-09-23,,831
georgia-southern-georgia-d1-fbs,Georgia Southern,D1-FBS,Sun Belt,Statesboro,Georgia,https://gseagles.com/sports/football/coaches,https://georgiasouthernfootballcamps.totalcamps.com/About%20Us,https://questionnaires.armssoftware.com/a23d05138b08,https://x.com/GSAthletics_FB,https://www.lewisvillerecruiting.com/college-search-tool,2026-09-23,https://a.espncdn.com/i/teamlogos/ncaa/500/290.png,924
georgia-state-georgia-d1-fbs,Georgia State,D1-FBS,Sun Belt,Atlanta,Georgia,https://georgiastatesports.com/sports/football/coaches,https://georgiastatesports.com/sports/2019/9/10/3724735.aspx,https://georgiastatesports.com/sports/football,https://x.com/GeorgiaStateFB,https://www.lewisvillerecruiting.com/college-search-tool,2026-09-23,https://a.espncdn.com/i/teamlogos/ncaa/500/2247.png,755
georgia-tech-georgia-d1-fbs,Georgia Tech,D1-FBS,ACC,Atlanta,Georgia,https://ramblinwreck.com/sports/m-footbl/,https://www.brentkeyfootballcamps.com/,https://www.fieldlevel.com/wrfmanpm/football/recruiting,https://x.com/GeorgiaTechFB,https://www.lewisvillerecruiting.com/college-search-tool,2026-09-23,https://a.espncdn.com/i/teamlogos/ncaa/500/59.png,755
gettysburg-college-pennsylvania-d3,Gettysburg College,D3,Centennial,Gettysburg,Pennsylvania,https://gettysburgsports.com/sports/football/coaches,https://gettysburgsports.com/sports/2018/7/16/gettysburg-college-football-prospect-camps.aspx,https://gettysburgsports.com/sports/2015/10/12/FB_1012154923.aspx,https://x.com/gburgfb,https://www.lewisvillerecruiting.com/college-search-tool,2026-09-23,,1141
glendale-community-college-california-california-juco,Glendale Community College - California,JUCO,Metro,Glendale,California,https://www.gccathletics.com/sports/fball/coaches/index,https://www.gccathletics.com/sports/fball/index,https://www.gccathletics.com/sports/fball,https://x.com/glendalecollege,https://www.lewisvillerecruiting.com/college-search-tool,2026-09-23,,1180
glenville-state-university-west-virginia-d2,Glenville State University,D2,MEC,Glenville,West Virginia,https://gstatepioneers.com/sports/football/coaches,https://gstatepioneers.com/sports/football,https://www.cognitoforms.com/GlenvilleStateCollege1/pioneerathleticsrecruitmentquestionnaire,https://x.com/gscfootball,https://www.lewisvillerecruiting.com/college-search-tool,2026-09-23,https://a.espncdn.com/i/teamlogos/ncaa/500/2249.png,941
golden-west-college-california-juco,Golden West College,JUCO,Southern,Huntington Beach,California,https://www.gwcathletics.com/sports/fball/coaches/index,https://www.gwcathletics.com/sports/fball/index,https://www.fieldlevel.com/goldenwestcollege/football/recruiting,https://x.com/gwcfootball,https://www.lewisvillerecruiting.com/college-search-tool,2026-09-23,,1172
graceland-university-iowa-naia,Graceland University,NAIA,Heart of America Athletic Conference,Lamoni,Iowa,https://www.gujackets.com/sports/fball/coaches/index,https://www.gujackets.com/sports/fball,https://www.gujackets.com/sports/fball,https://x.com/gracelandfb,https://www.lewisvillerecruiting.com/college-search-tool,2026-09-23,https://a.espncdn.com/i/teamlogos/ncaa/500/530.png,394
grambling-state-louisiana-d1-fcs,Grambling State,D1-FCS,SWAC,Grambling,Louisiana,https://gsutigers.com/sports/football/coaches,https://gsutigers.com/sports/football,https://www.fieldlevel.com/gram/football/recruiting,https://x.com/GSUFootball01,https://www.lewisvillerecruiting.com/college-search-tool,2026-09-23,,348
grand-valley-state-university-michigan-d2,Grand Valley State University,D2,GLIAC,Allendale,Michigan,https://gvsulakers.com/sports/football/coaches,https://www.grandvalleystatefootballcamps.com/camps.cfm,https://gvsulakers.com/sports/2019/6/4/recruit-questionnaire.aspx?path=tix,https://x.com/gvsufootball,https://www.lewisvillerecruiting.com/college-search-tool,2026-09-23,https://a.espncdn.com/i/teamlogos/ncaa/500/125.png,796
grand-view-university-iowa-naia,Grand View University,NAIA,Heart of America Athletic Conference,Des Moines,Iowa,https://gvvikings.com/sports/football/coaches,https://www.vikingsfootballcamps.com/,https://gvvikings.com/sports/football,https://x.com/gvvikingfb,https://www.lewisvillerecruiting.com/college-search-tool,2026-09-23,https://a.espncdn.com/i/teamlogos/ncaa/500/2254.png,461
greensboro-college-north-carolina-d3,Greensboro College,D3,USA South,Greensboro,North Carolina,https://greensborocollegesports.com/sports/football/coaches,https://greensborocollegefootballcamps.totalcamps.com/About%20Us,https://questionnaires.armssoftware.com/6d097f82982f,https://x.com/gc_pride_fball,https://www.lewisvillerecruiting.com/college-search-tool,2026-09-23,https://a.espncdn.com/i/teamlogos/ncaa/500/2256.png,989
greenville-university-illinois-d3,Greenville University,D3,SLIAC,Greenville,Illinois,https://greenvillepanthers.com/sports/football/coaches,https://greenvillepanthers.com/sports/football,https://greenvillepanthers.com/sports/football,https://x.com/EMAPFootball,https://www.lewisvillerecruiting.com/college-search-tool,2026-09-23,https://a.espncdn.com/i/teamlogos/ncaa/500/2257.png,496
grinnell-college-iowa-d3,Grinnell College,D3,MWC,Grinnell,Iowa,https://pioneers.grinnell.edu/sports/football/coaches,https://pioneers.grinnell.edu/sports/football,https://questionnaires.armssoftware.com/d99b1f1c1d35?path=football,https://x.com/grinnell_fb,https://www.lewisvillerecruiting.com/college-search-tool,2026-09-23,https://a.espncdn.com/i/teamlogos/ncaa/500/65.png,493
grossmont-college-california-juco,Grossmont College,JUCO,Southern,El Cajon,California,https://www.grossmontgriffins.com/sports/fball/coaches/index,https://www.grossmontgriffins.com/sports/fball/index,https://www.grossmontgriffins.com/sports/fball,https://x.com/gcghouse,https://www.lewisvillerecruiting.com/college-search-tool,2026-09-23,,1129
grove-city-college-pennsylvania-d3,Grove City College,D3,PAC,Grove City,Pennsylvania,https://athletics.gcc.edu/sports/2020/10/20/football-coaching-staff.aspx,https://athletics.gcc.edu/sports/football,https://athletics.gcc.edu/sb_output.aspx?frform=4&path=football,https://x.com/gcc_fb,https://www.lewisvillerecruiting.com/college-search-tool,2026-09-23,https://a.espncdn.com/i/teamlogos/ncaa/500/146.png,1013
guilford-college-north-carolina-d3,Guilford College,D3,ODAC,Greensboro,North Carolina,https://guilfordquakers.com/staff-directory,https://guilfordquakers.com/documents/2021/11/5/Prospect_Camp_Brochure_2018.pdf,https://www.fieldlevel.com/guilford/football/recruiting,https://x.com/guilfordfb,https://www.lewisvillerecruiting.com/college-search-tool,2026-09-23,https://a.espncdn.com/i/teamlogos/ncaa/500/2258.png,989
gustavus-adolphus-college-minnesota-d3,Gustavus Adolphus College,D3,MIAC,St. Peter,Minnesota,https://gogusties.com/sports/football,https://gustavus.edu/about/administrative-offices/summer-camps-and-events,https://www.fieldlevel.com/gac/football/recruiting,https://x.com/gustiefootball,https://www.lewisvillerecruiting.com/college-search-tool,2026-09-23,https://a.espncdn.com/i/teamlogos/ncaa/500/2968.png,
hamilton-college-new-york-d3,Hamilton College,D3,NESCAC,Clinton,New York,https://athletics.hamilton.edu/sports/football/coaches,https://athletics.hamilton.edu/sports/2020/10/14/information-camps-and-clinics.aspx,https://www.fieldlevel.com/hamilton/football/recruiting,https://x.com/bigbluefb,https://www.lewisvillerecruiting.com/college-search-tool,2026-09-23,https://a.espncdn.com/i/teamlogos/ncaa/500/348.png,1282
hamline-university-minnesota-d3,Hamline University,D3,MIAC,St. Paul,Minnesota,https://hamlineathletics.com/sports/football/coaches,https://www.allsportscamp.com/,https://hamlineathletics.com/sb_output.aspx?frform=3,https://x.com/hamlinefootball,https://www.lewisvillerecruiting.com/college-search-tool,2026-09-23,https://a.espncdn.com/i/teamlogos/ncaa/500/162.png,682
hampden-sydney-college-virginia-d3,Hampden-Sydney College,D3,ODAC,Hampden Sydney,Virginia,https://hscathletics.com/sports/football/coaches,https://hscathletics.com/sports/football,https://hscathletics.com/sports/2020/8/14/football-recruits.aspx,https://x.com/hsc__football,https://www.lewisvillerecruiting.com/college-search-tool,2026-09-23,https://a.espncdn.com/i/teamlogos/ncaa/500/297.png,1061
hampton-virginia-d1-fcs,Hampton,D1-FCS,CAA,Hampton,Virginia,https://hamptonpirates.com/sports/football/coaches,https://hamptonpirates.com/sports/2009/6/23/GEN_0623095455,https://www.fieldlevel.com/hamptonu/football/recruiting,https://x.com/hupirates_fb,https://www.lewisvillerecruiting.com/college-search-tool,2026-09-23,https://a.espncdn.com/i/teamlogos/ncaa/500/2261.png,1178
hanover-college-indiana-d3,Hanover College,D3,HCAC,Hanover,Indiana,https://athletics.hanover.edu/sports/football/roster#sidearm-roster-coaches,https://athletics.hanover.edu/sports/2020/9/15/information-camps-index.aspx,https://athletics.hanover.edu/sports/football,https://x.com/hanoverftbl,https://www.lewisvillerecruiting.com/college-search-tool,2026-09-23,https://a.espncdn.com/i/teamlogos/ncaa/500/2262.png,693
hardin-simmons-university-texas-d3,Hardin-Simmons University,D3,ASC,Abilene,Texas,https://hsuathletics.com/sports/football/coaches,https://www.hsufootballcamps.com/,https://www.fieldlevel.com/hsutx/football/recruiting,https://x.com/hsucowboys,https://www.lewisvillerecruiting.com/college-search-tool,2026-09-23,https://a.espncdn.com/i/teamlogos/ncaa/500/2810.png,256
harding-university-arkansas-d2,Harding University,D2,GAC,Searcy,Arkansas,https://hardingsports.com/sports/football/coaches,https://www.hardingfootballcamps.com/,https://www.fieldlevel.com/harding/football/recruiting,https://x.com/harding_fb,https://www.lewisvillerecruiting.com/college-search-tool,2026-09-23,https://a.espncdn.com/i/teamlogos/ncaa/500/2264.png,324
hartnell-college-california-juco,Hartnell College,JUCO,Golden Coast,Salinas,California,https://www.hartnellpanthers.com/sports/fball/coaches/Matt_Collins,https://www.hartnellpanthers.com/sports/fball,https://www.hartnellpanthers.com/sports/fball,https://x.com/hmob_football,https://www.lewisvillerecruiting.com/college-search-tool,2026-09-23,,1347
hartwick-college-new-york-d3,Hartwick College,D3,Empire 8,Oneonta,New York,https://www.hartwickhawks.com/sports/football/coaches,https://www.hartwickhawks.com/sports/2022/3/22/test.aspx,https://www.fieldlevel.com/hartwick/football/recruiting,https://x.com/hartwickfball,https://www.lewisvillerecruiting.com/college-search-tool,2026-09-23,https://a.espncdn.com/i/teamlogos/ncaa/500/173.png,1286
harvard-massachusetts-d1-fcs,Harvard,D1-FCS,Ivy,Cambridge,Massachusetts,https://gocrimson.com/sports/football/coaches,https://gocrimson.com/sports/2020/5/5/information-camps-index.aspx,https://questionnaires.armssoftware.com/2adb5596b93b,https://x.com/harvardfootball,https://www.lewisvillerecruiting.com/college-search-tool,2026-09-23,https://a.espncdn.com/i/teamlogos/ncaa/500/108.png,1483
hastings-college-nebraska-naia,Hastings College,NAIA,Great Plains Athletic Conference,Hastings,Nebraska,https://www.hastingsbroncos.com/sports/fball/coaches/index,https://www.hastingsfootballcamps.com/,https://www.hastingsbroncos.com/sports/fball,https://x.com/HCBroncoFB,https://www.lewisvillerecruiting.com/college-search-tool,2026-09-23,,344
hawaii-hawaii-d1-fbs,Hawaii,D1-FBS,Mountain West,Honolulu,Hawaii,https://hawaiiathletics.com/sports/football/coaches,https://rainbowwarriorfootballcamp.totalcamps.com/About%20Us,https://questionnaires.armssoftware.com/79737af39e0a,https://x.com/HawaiiFootball,https://www.lewisvillerecruiting.com/college-search-tool,2026-09-23,,3740
heidelberg-university-ohio-d3,Heidelberg University,D3,OAC,Tiffin,Ohio,https://www.bergathletics.com/sports/football/coaches/2023,https://www.bergathletics.com/sports/2019/7/15/camps-clinics-camps,https://bergathletics.com/sports/2019/8/13/football-recruiting.aspx,https://x.com/bergfootball,https://www.lewisvillerecruiting.com/college-search-tool,2026-09-23,https://a.espncdn.com/i/teamlogos/ncaa/500/191.png,860
henderson-state-university-arkansas-d2,Henderson State University,D2,GAC,Arkadelphia,Arkansas,https://hsusports.com/sports/football/coaches,https://hsusports.com/sports/2012/4/5/GEN_0405124557.aspx,https://hsusports.com/sports/football,https://x.com/reddiesfb,https://www.lewisvillerecruiting.com/college-search-tool,2026-09-23,https://a.espncdn.com/i/teamlogos/ncaa/500/2271.png,272
hendrix-college-arkansas-d3,Hendrix College,D3,SAA,Conway,Arkansas,https://hendrixwarriors.com/sports/football/coaches,https://hendrixwarriors.com/sports/2012/6/27/Camps.aspx,https://hendrixwarriors.com/sports/2022/6/23/football-recruiting-form.aspx,https://x.com/HendrixFootball,https://www.lewisvillerecruiting.com/college-search-tool,2026-09-23,https://a.espncdn.com/i/teamlogos/ncaa/500/418.png,286
highland-community-college-kansas-kansas-juco,Highland Community College - Kansas,JUCO,KJCCC,Highland,Kansas,https://scottieathletics.com/staff-directory/football-department/5,https://scottieathletics.com/sports/football,https://scottieathletics.com/sb_output.aspx?form=3,https://x.com/hccscotties,https://www.lewisvillerecruiting.com/college-search-tool,2026-09-23,,315
hilbert-college-new-york-d3,Hilbert College,D3,AMCC,Hamburg,New York,https://hilberthawks.com/sports/2022/1/12/football-coaches.aspx,https://www.hilbert.edu/academics/pre-college-programs/summer-camps/,https://connect.hilbert.edu/register/recruit-me,https://x.com/HilbertHawksFB,https://www.lewisvillerecruiting.com/college-search-tool,2026-09-23,https://a.espncdn.com/i/teamlogos/ncaa/500/125974.png,1108
hillsdale-college-michigan-d2,Hillsdale College,D2,GMAC,Hillsdale,Michigan,https://hillsdalechargers.com/sports/football/coaches,https://hillsdalechargerscamps.com/,https://questionnaires.armssoftware.com/2ecbc53deb6a,https://x.com/hillsdale_fb,https://www.lewisvillerecruiting.com/college-search-tool,2026-09-23,https://a.espncdn.com/i/teamlogos/ncaa/500/2273.png,815
hinds-community-college-mississippi-juco,Hinds Community College,JUCO,MACCC,Raymond,Mississippi,https://sports.hindscc.edu/sports/football/coaches,https://sports.hindscc.edu/documents/2023/4/26/2023_7on7_TeamCamp-flyer042123-td.pdf,https://sports.hindscc.edu/sb_output.aspx?form=3,https://x.com/HindsCC_FB,https://www.lewisvillerecruiting.com/college-search-tool,2026-09-23,,467
hiram-college-ohio-d3,Hiram College,D3,NCAC,Hiram,Ohio,https://hiramterriers.com/staff-directory/football-department/3,https://hiramterriers.com/sports/football,https://hiramterriers.com/sports/2021/2/5/football-recruit-questionnaire.aspx,https://x.com/hiram_football,https://www.lewisvillerecruiting.com/college-search-tool,2026-09-23,https://a.espncdn.com/i/teamlogos/ncaa/500/2274.png,964
hobart-william-smith-colleges-new-york-d3,Hobart & William Smith Colleges,D3,Liberty,Geneva,New York,https://hwsathletics.com/sports/football/coaches,https://hwsathletics.com/sports/football,https://questionnaires.armssoftware.com/3922789553e8,https://x.com/HobartFootball,https://www.lewisvillerecruiting.com/college-search-tool,2026-09-23,,1201
hocking-college-ohio-juco,Hocking College,JUCO,Independent,Nelsonville,Ohio,https://athletics.hocking.edu/sports/fball/coaches/index,https://athletics.hocking.edu/sports/fball/index,https://athletics.hocking.edu/Prospective_Athlete_Information/Football,https://x.com/hockingfootball,https://www.lewisvillerecruiting.com/college-search-tool,2026-09-23,,874
holmes-community-college-mississippi-juco,Holmes Community College,JUCO,MACCC,Goodman,Mississippi,https://www.holmesathletics.com/sports/fball/coaches/index,https://www.holmesathletics.com/sports/fball/index,https://www.holmesathletics.com/athletics/recruiting/football/022613_new_form,https://x.com/HolmesccFB,https://www.lewisvillerecruiting.com/college-search-tool,2026-09-23,,470
holy-cross-massachusetts-d1-fcs,Holy Cross,D1-FCS,Patriot,Worcester,Massachusetts,https://goholycross.com/sports/football/coaches,https://holycrossfootballclinics.totalcamps.com/About%20Us,https://questionnaires.armssoftware.com/5028e3d4d7dc?path=fb,https://x.com/HCrossFB,https://www.lewisvillerecruiting.com/college-search-tool,2026-09-23,https://a.espncdn.com/i/teamlogos/ncaa/500/107.png,1447
hope-college-michigan-d3,Hope College,D3,MIAA,Holland,Michigan,https://athletics.hope.edu/sports/football/coaches,https://hope.edu/offices/events-conferences/events-camps-conferences/hope-camps/index.html#sports,https://www.fieldlevel.com/hope/football/recruiting,https://x.com/hopecollegefb,https://www.lewisvillerecruiting.com/college-search-tool,2026-09-23,https://a.espncdn.com/i/teamlogos/ncaa/500/2812.png,782
houston-texas-d1-fbs,Houston,D1-FBS,Big 12,Houston,Texas,https://uhcougars.com/sports/football/coaches,https://williefritzfootballcamps.totalcamps.com/About%20Us,https://questionnaires.armssoftware.com/9ff8090d45d9,https://x.com/UHCougarFB,https://www.lewisvillerecruiting.com/college-search-tool,2026-09-23,https://a.espncdn.com/i/teamlogos/ncaa/500/248.png,425
houston-christian-texas-d1-fcs,Houston Christian,D1-FCS,Southland,Houston,Texas,https://hcuhuskies.com/sports/football/coaches,https://www.huskyfbcamps.com/index.cfm,https://hcuhuskies.com/sports/football,https://mobile.twitter.com/hcufootball,https://www.lewisvillerecruiting.com/college-search-tool,2026-09-23,https://a.espncdn.com/i/teamlogos/ncaa/500/2277.png,425
howard-d-c-d1-fcs,Howard,D1-FCS,MEAC,Washington,D.C.,https://hubison.com/sports/football/coaches,https://hubison.com/sports/football,https://www.fieldlevel.com/qfmyhwjh/football/recruiting,https://x.com/hubisonfootball,https://www.lewisvillerecruiting.com/college-search-tool,2026-09-23,https://a.espncdn.com/i/teamlogos/ncaa/500/47.png,1143
howard-payne-university-texas-d3,Howard Payne University,D3,ASC,Brownwood,Texas,https://hpusports.com/sports/football/coaches,https://hpusports.com/sports/football,https://www.fieldlevel.com/hputx/football/recruiting,https://x.com/hpufootball,https://www.lewisvillerecruiting.com/college-search-tool,2026-09-23,https://a.espncdn.com/i/teamlogos/ncaa/500/2758.png,286
huntingdon-college-alabama-d3,Huntingdon College,D3,CCS,Montgomery,Alabama,https://www.huntingdonhawks.com/sports/fball/coaches/index,https://www.huntingdonhawks.com/sports/fball,https://www.fieldlevel.com/huntingdon/football/recruiting,https://x.com/HawksFootball,https://www.lewisvillerecruiting.com/college-search-tool,2026-09-23,https://a.espncdn.com/i/teamlogos/ncaa/500/2938.png,679
husson-university-maine-d3,Husson University,D3,NACC,Bangor,Maine,https://hussoneagles.com/staff-directory,http://www.hufootballcamps.com/camps.php,https://www.frontrush.com/FR_Web_App/Player/PlayerSubmit.aspx?sid=MTk1Njc=-2pMx5jPS+5w=&ptype=recruit,https://x.com/hussonfootball,https://www.lewisvillerecruiting.com/college-search-tool,2026-09-23,https://a.espncdn.com/i/teamlogos/ncaa/500/2280.png,1630
hutchinson-community-college-kansas-juco,Hutchinson Community College,JUCO,KJCCC,Hutchinson,Kansas,https://www.bluedragonsports.com/sports/fball/coaches/index,https://www.bluedragonsports.com/sports/fball/index,https://www.fieldlevel.com/hutchcc/football/recruiting,https://x.com/BlueDragonsFB,https://www.lewisvillerecruiting.com/college-search-tool,2026-09-23,,168
idaho-idaho-d1-fcs,Idaho,D1-FCS,Big Sky,Moscow,Idaho,https://govandals.com/sports/football/coaches,https://govandals.com/sports/2022/4/8/vandal-football-camps.aspx,https://govandals.com/sports/football,https://x.com/VandalFootball,https://www.lewisvillerecruiting.com/college-search-tool,2026-09-23,,1265
idaho-state-idaho-d1-fcs,Idaho State,D1-FCS,Big Sky,Pocatello,Idaho,https://isubengals.com/sports/football/roster#coaches_anchor,https://www.idahostatefootballcamps.com/,https://questionnaires.armssoftware.com/056ff80b0518,https://x.com/BengalGridiron,https://www.lewisvillerecruiting.com/college-search-tool,2026-09-23,https://a.espncdn.com/i/teamlogos/ncaa/500/304.png,941
illinois-illinois-d1-fbs,Illinois,D1-FBS,Big Ten,Urbana�Champaign,Illinois,https://fightingillini.com/sports/2015/6/13/football_coaches,https://fightingillini.com/sports/2015/3/24/football_camps,https://college.jumpforward.com/questionnaire.aspx?iid=403&sportid=18,https://x.com/IlliniFootball,https://www.lewisvillerecruiting.com/college-search-tool,2026-09-23,,
illinois-college-illinois-d3,Illinois College,D3,MWC,Jacksonville,Illinois,https://illinoiscollegeathletics.com/sports/football/coaches,https://www.blueboyfootballcamps.com/,https://illinoiscollegeathletics.com/sb_output.aspx?frform=3&path=football,https://x.com/ic_football,https://www.lewisvillerecruiting.com/college-search-tool,2026-09-23,,486
illinois-state-illinois-d1-fcs,Illinois State,D1-FCS,Missouri Valley,Normal,Illinois,https://goredbirds.com/sports/football/coaches,https://www.spackfootballcamps.com/,https://questionnaires.armssoftware.com/24e846c637d7,https://x.com/RedbirdFB,https://www.lewisvillerecruiting.com/college-search-tool,2026-09-23,https://a.espncdn.com/i/teamlogos/ncaa/500/2287.png,570
illinois-wesleyan-university-illinois-d3,Illinois Wesleyan University,D3,CCIW,Bloomington,Illinois,https://www.iwusports.com/sports/football/coaches,https://www.iwusports.com/sports/2020/2/13/2020-testing.aspx,https://www.iwusports.com/sb_output.aspx?frform=3,https://x.com/iwutitanfball,https://www.lewisvillerecruiting.com/college-search-tool,2026-09-23,https://a.espncdn.com/i/teamlogos/ncaa/500/306.png,569
incarnate-word-texas-d1-fcs,Incarnate Word,D1-FCS,Southland,San Antonio,Texas,https://uiwcardinals.com/sports/football/coaches,https://uiwcardinals.com/sports/football,https://questionnaires.armssoftware.com/b468ad5d09a9,https://x.com/UIWFootball,https://www.lewisvillerecruiting.com/college-search-tool,2026-09-23,https://a.espncdn.com/i/teamlogos/ncaa/500/2916.png,434
independence-community-college-kansas-juco,Independence Community College,JUCO,KJCCC,Independence,Kansas,https://www.indypirates.com/sports/fball/coaches/index,https://www.indypirates.com/sports/fball/index,https://www.fieldlevel.com/indycc/football/recruiting,https://x.com/DreamU_IndyFB,https://www.lewisvillerecruiting.com/college-search-tool,2026-09-23,,147
indiana-indiana-d1-fbs,Indiana,D1-FBS,Big Ten,Bloomington,Indiana,https://iuhoosiers.com/sports/football/coaches,https://www.curtcignettifootballcamps.com/,https://questionnaires.armssoftware.com/ee805559225c,https://x.com/IndianaFootball,https://www.lewisvillerecruiting.com/college-search-tool,2026-09-23,https://a.espncdn.com/i/teamlogos/ncaa/500/84.png,648
indiana-state-indiana-d1-fcs,Indiana State,D1-FCS,Missouri Valley,Terre Haute,Indiana,https://gosycamores.com/sports/football/coaches,https://www.curtmalloryfootballcamps.com/index.cfm,https://gosycamores.com/sports/football,https://x.com/IndStFB,https://www.lewisvillerecruiting.com/college-search-tool,2026-09-23,https://a.espncdn.com/i/teamlogos/ncaa/500/282.png,610
indiana-university-of-pennsylvania-pennsylvania-d2,Indiana University of Pennsylvania,D2,PSAC,Indiana,Pennsylvania,https://iupathletics.com/sports/football/coaches,https://iupfootballcamps.totalcamps.com/About%20Us,https://iupathletics.com/sports/football,https://x.com/iupcrimsonhawk,https://www.lewisvillerecruiting.com/college-search-tool,2026-09-23,,1051
indiana-wesleyan-university-indiana-naia,Indiana Wesleyan University,NAIA,Crossroads,Marion,Indiana,https://iwuwildcats.com/sports/football/coaches,https://www.iwufootballcamps.com/,https://iwuwildcats.com/sports/football,https://x.com/IndWesleyan_FB,https://www.lewisvillerecruiting.com/college-search-tool,2026-09-23,,726
iowa-iowa-d1-fbs,Iowa,D1-FBS,Big Ten,Iowa City,Iowa,https://hawkeyesports.com/sports/football/roster,https://iowafootball.totalcamps.com/About%20Us,https://hawkeyesports.com/sports/football,https://x.com/HawkeyeFootball,https://www.lewisvillerecruiting.com/college-search-tool,2026-09-23,https://a.espncdn.com/i/teamlogos/ncaa/500/2294.png,524
iowa-central-community-college-iowa-juco,Iowa Central Community College,JUCO,Independent,Fort Dodge,Iowa,https://www.ictritons.com/sports/fball/coaches/index,https://www.tritonfootballcamps.com/,https://questionnaires.armssoftware.com/02bff358ed8d,https://x.com/TritonNation,https://www.lewisvillerecruiting.com/college-search-tool,2026-09-23,,505
iowa-state-iowa-d1-fbs,Iowa State,D1-FBS,Big 12,Ames,Iowa,https://cyclones.com/sports/football/coaches,https://www.iowastatefootballcamps.com/,https://cyclones.com/sports/football,https://x.com/CycloneFB,https://www.lewisvillerecruiting.com/college-search-tool,2026-09-23,https://a.espncdn.com/i/teamlogos/ncaa/500/66.png,487
iowa-western-community-college-iowa-juco,Iowa Western Community College,JUCO,Independent,Council Bluffs,Iowa,https://www.goreivers.com/sports/fball/coaches/index,https://www.goreivers.com/sports/fball,https://www.fieldlevel.com/iwcc/football/recruiting,https://x.com/ReiverFootball,https://www.lewisvillerecruiting.com/college-search-tool,2026-09-23,,397
itawamba-community-college-fulton-campus-mississippi-juco,Itawamba Community College -- Fulton Campus,JUCO,MACCC,Fulton,Mississippi,https://www.letsgoicc.com/sports/fball/coaches/index,https://www.letsgoicc.com/sports/fball/index,https://www.letsgoicc.com/sports/fball,https://x.com/LetsGoICC_FB,https://www.lewisvillerecruiting.com/college-search-tool,2026-09-23,,522
ithaca-college-new-york-d3,Ithaca College,D3,Liberty,Ithaca,New York,https://athletics.ithaca.edu/sports/football/coaches,https://athletics.ithaca.edu/sports/football,https://questionnaires.armssoftware.com/b7b94be6cf28,https://x.com/ithacabomberfb,https://www.lewisvillerecruiting.com/college-search-tool,2026-09-23,https://a.espncdn.com/i/teamlogos/ncaa/500/175.png,1216
jackson-state-mississippi-d1-fcs,Jackson State,D1-FCS,SWAC,Jackson,Mississippi,https://gojsutigers.com/sports/football/coaches/,https://gojsutigers.com/sports/football,https://questionnaires.armssoftware.com/0f9573f9b74d,https://x.com/GoJSUTigersFB,https://www.lewisvillerecruiting.com/college-search-tool,2026-09-23,https://a.espncdn.com/i/teamlogos/ncaa/500/2296.png,478
jacksonville-state-alabama-d1-fbs,Jacksonville State,D1-FBS,C-USA,Jacksonville,Alabama,https://jaxstatesports.com/sports/football/coaches,https://jaxstatesports.com/sports/football,https://jaxstatesports.com/sports/football,https://x.com/JaxStateFB,https://www.lewisvillerecruiting.com/college-search-tool,2026-09-23,https://a.espncdn.com/i/teamlogos/ncaa/500/55.png,677
james-madison-virginia-d1-fbs,James Madison,D1-FBS,Sun Belt,Harrisonburg,Virginia,https://jmusports.com/sports/football/coaches,https://jmusports.com/sports/football,https://jmusports.com/sports/2020/7/13/football-recruiting,https://x.com/JMUFootball,https://www.lewisvillerecruiting.com/college-search-tool,2026-09-23,https://a.espncdn.com/i/teamlogos/ncaa/500/256.png,1042
john-carroll-university-ohio-d3,John Carroll University,D3,OAC,University Heights,Ohio,https://jcusports.com/sports/football/coaches,https://jcusports.com/sports/camps-clinics,https://jcusports.com/sports/football,https://x.com/jcufootball,https://www.lewisvillerecruiting.com/college-search-tool,2026-09-23,https://a.espncdn.com/i/teamlogos/ncaa/500/2302.png,949
johns-hopkins-university-maryland-d3,Johns Hopkins University,D3,Centennial,Baltimore,Maryland,https://hopkinssports.com/sports/football/coaches,https://hopkinssports.com/sports/football,https://questionnaires.armssoftware.com/f0c7092fb543,https://x.com/jhu_football,https://www.lewisvillerecruiting.com/college-search-tool,2026-09-23,https://a.espncdn.com/i/teamlogos/ncaa/500/118.png,1169
johnson-c-smith-university-north-carolina-d2,Johnson C. Smith University,D2,CIAA,Charlotte,North Carolina,https://goldenbullsports.com/sports/football/coaches,https://goldenbullsports.com/sports/football,https://goldenbullsports.com/sports/football,https://x.com/jcsufootball,https://www.lewisvillerecruiting.com/college-search-tool,2026-09-23,https://a.espncdn.com/i/teamlogos/ncaa/500/2304.png,936
jones-county-junior-college-mississippi-juco,Jones County Junior College,JUCO,MACCC,Ellisville,Mississippi,https://jcbobcats.com/sports/football/coaches,https://www.jcbobcatcamps.com/content/mens-camps,https://jcbobcats.com/sports/football,https://x.com/jc_bobcatsfb,https://www.lewisvillerecruiting.com/college-search-tool,2026-09-23,,552
judson-university-illinois-naia,Judson University,NAIA,CCAC,Elgin,Illinois,https://www.judsoneagles.com/sports/fball/coaches/index,https://www.judsoneagles.com/sports/fball/index,https://questionnaires.armssoftware.com/2f8a3fcfdd8e,https://x.com/judsonufootball,https://www.lewisvillerecruiting.com/college-search-tool,2026-09-23,,662
juniata-college-pennsylvania-d3,Juniata College,D3,Landmark,Huntingdon,Pennsylvania,https://www.juniatasports.net/sports/fball/coaches/index,https://www.juniatasports.net/sports/fball/index,https://www.juniatasports.net/sports/fball,https://x.com/juniatafootball,https://www.lewisvillerecruiting.com/college-search-tool,2026-09-23,https://a.espncdn.com/i/teamlogos/ncaa/500/246.png,1108
kalamazoo-college-michigan-d3,Kalamazoo College,D3,MIAA,Kalamazoo,Michigan,https://hornets.kzoo.edu/sports/football/coaches,https://hornets.kzoo.edu/sports/2024/5/16/camps-index.aspx,https://www.fieldlevel.com/kzoo/football/recruiting,https://x.com/KzooFootball,https://www.lewisvillerecruiting.com/college-search-tool,2026-09-23,https://a.espncdn.com/i/teamlogos/ncaa/500/126.png,785
kansas-kansas-d1-fbs,Kansas,D1-FBS,Big 12,Lawrence,Kansas,https://kuathletics.com/sports/football/roster/,https://thegoodgame.com/kuathletics/campsandclinics/football/,https://kuathletics.com/sports/football,https://x.com/KU_Football,https://www.lewisvillerecruiting.com/college-search-tool,2026-09-23,https://a.espncdn.com/i/teamlogos/ncaa/500/2305.png,260
kansas-state-kansas-d1-fbs,Kansas State,D1-FBS,Big 12,Manhattan,Kansas,https://www.kstatesports.com/sports/football/coaches,https://www.kstatefootballcamps.com/,https://questionnaires.armssoftware.com/8fd884a36fbc,https://x.com/KStateFB,https://www.lewisvillerecruiting.com/college-search-tool,2026-09-23,https://a.espncdn.com/i/teamlogos/ncaa/500/2306.png,249
kansas-wesleyan-university-kansas-naia,Kansas Wesleyan University,NAIA,Kansas Collegiate Athletic Conference,Salina,Kansas,https://kwucoyotes.com/sports/football/coaches,https://kwucoyotes.com/sports/football,https://www.fieldlevel.com/kwu/football/recruiting,https://x.com/kwucoyotes,https://www.lewisvillerecruiting.com/college-search-tool,2026-09-23,,220
kean-university-new-jersey-d3,Kean University,D3,NJAC,Union Township,New Jersey,https://keanathletics.com/sports/football/coaches,https://keanathletics.com/sports/football,https://www.fieldlevel.com/9whawxcm/football/recruiting,https://x.com/kufootball212,https://www.lewisvillerecruiting.com/college-search-tool,2026-09-23,https://a.espncdn.com/i/teamlogos/ncaa/500/2871.png,1304
keiser-university-florida-naia,Keiser University,NAIA,Sun,West Palm Beach,Florida,https://kuseahawks.com/sports/football/coaches,https://kuseahawks.com/registrations/#!/camps/,https://www.fieldlevel.com/nw7wd37c/football/recruiting,https://x.com/keiserfootball,https://www.lewisvillerecruiting.com/college-search-tool,2026-09-23,,1198
kennesaw-state-georgia-d1-fbs,Kennesaw State,D1-FBS,C-USA,Kennesaw,Georgia,https://ksuowls.com/sports/football/coaches,https://kennesawstatefootball.totalcamps.com/About%20Us,https://ksuowls.com/sports/football,https://x.com/kennesawstfb,https://www.lewisvillerecruiting.com/college-search-tool,2026-09-23,https://a.espncdn.com/i/teamlogos/ncaa/500/338.png,738
kent-state-ohio-d1-fbs,Kent State,D1-FBS,MAC,Kent,Ohio,https://kentstatesports.com/sports/football/coaches,https://kentstatesports.com/sports/football,https://www.fieldlevel.com/kent/football/recruiting,https://x.com/KentStFootball,https://www.lewisvillerecruiting.com/college-search-tool,2026-09-23,https://a.espncdn.com/i/teamlogos/ncaa/500/2309.png,950
kentucky-kentucky-d1-fbs,Kentucky,D1-FBS,SEC,Lexington,Kentucky,https://ukathletics.com/sports/football/roster/#coachesBlockTable,https://ukathletics.com/sports/football/,https://www.fieldlevel.com/uky/football/recruiting,https://x.com/UKFootball,https://www.lewisvillerecruiting.com/college-search-tool,2026-09-23,https://a.espncdn.com/i/teamlogos/ncaa/500/96.png,736
kentucky-christian-university-kentucky-naia,Kentucky Christian University,NAIA,AAC,Grayson,Kentucky,https://www.kcuknights.com/sports/fball/coaches/index,https://www.kcuknights.com/sports/fball,https://www.fieldlevel.com/kcu/football/recruiting,https://x.com/GoKnightsFB,https://www.lewisvillerecruiting.com/college-search-tool,2026-09-23,,822
kentucky-state-university-kentucky-d2,Kentucky State University,D2,SIAC,Frankfort,Kentucky,https://ksuthorobreds.com/staff-directory,https://www.feltonhugginscamps.com/,https://www.fieldlevel.com/dknt94h7/football/recruiting,https://x.com/kysufb,https://www.lewisvillerecruiting.com/college-search-tool,2026-09-23,https://a.espncdn.com/i/teamlogos/ncaa/500/2310.png,717
kentucky-wesleyan-college-kentucky-d2,Kentucky Wesleyan College,D2,GMAC,Owensboro,Kentucky,https://kwcpanthers.com/sports/football/coaches,https://kentuckywesleyanfootballcamps.totalcamps.com/About%20Us,https://questionnaires.armssoftware.com/a8d24220ab02,https://x.com/kwc_football,https://www.lewisvillerecruiting.com/college-search-tool,2026-09-23,https://a.espncdn.com/i/teamlogos/ncaa/500/2316.png,592
kenyon-college-ohio-d3,Kenyon College,D3,NCAC,Gambier,Ohio,https://athletics.kenyon.edu/sports/football/coaches,https://athletics.kenyon.edu/sports/2015/9/21/GEN_0921151001.aspx,https://www.fieldlevel.com/kenyon/football/recruiting,https://x.com/kenyonfootball,https://www.lewisvillerecruiting.com/college-search-tool,2026-09-23,https://a.espncdn.com/i/teamlogos/ncaa/500/352.png,882
keystone-college-pennsylvania-d3,Keystone College,D3,Landmark,La Plume,Pennsylvania,https://www.gokcgiants.com/sports/football/coaches,https://www.gokcgiants.com/sports/2009/8/5/camps-clinics.aspx,https://www.fieldlevel.com/keystone/football/recruiting,https://x.com/keystoneftbl,https://www.lewisvillerecruiting.com/college-search-tool,2026-09-23,https://a.espncdn.com/i/teamlogos/ncaa/500/122774.png,1238
kilgore-college-texas-juco,Kilgore College,JUCO,SWJCFC,Kilgore,Texas,https://www.kcrangernation.com/sports/fball/coaches/index,https://www.kcrangernation.com/sports/fball/index,https://www.fieldlevel.com/d4dca79x/football/recruiting,https://x.com/kc_mtxe,https://www.lewisvillerecruiting.com/college-search-tool,2026-09-23,,270
king-s-college-pennsylvania-pennsylvania-d3,King's College - Pennsylvania,D3,MAC,Wilkes-Barre,Pennsylvania,https://kingscollegeathletics.com/sports/football/coaches,https://kingscollegeathletics.com/sports/2008/10/9/FB_10_09_08_Kings_Sports_Camps.aspx?path=general,https://questionnaires.armssoftware.com/1363afbaeadf,https://x.com/kingscollegefb,https://www.lewisvillerecruiting.com/college-search-tool,2026-09-23,,1227
knox-college-illinois-d3,Knox College,D3,MWC,Galesburg,Illinois,https://prairiefire.knox.edu/sports/football/coaches,https://prairiefire.knox.edu/sports/football,https://prairiefire.knox.edu/sb_output.aspx?frform=9&path=football,https://x.com/FB_KnoxCollege,https://www.lewisvillerecruiting.com/college-search-tool,2026-09-23,https://a.espncdn.com/i/teamlogos/ncaa/500/255.png,531
kutztown-university-of-pennsylvania-pennsylvania-d2,Kutztown University of Pennsylvania,D2,PSAC,Kutztown,Pennsylvania,https://kubears.com/sports/football/coaches,https://kubears.com/sports/football,https://questionnaires.armssoftware.com/b53971ecd6df,https://x.com/kubearsfootball,https://www.lewisvillerecruiting.com/college-search-tool,2026-09-23,,1224
lackawanna-college-pennsylvania-juco,Lackawanna College,JUCO,Northeast JC Football Conference,Scranton,Pennsylvania,https://lackawannafalcons.com/sports/football/coaches,https://lackawannafalcons.com/sports/2024/3/25/falcons-football-camp.aspx,https://www.fieldlevel.com/lackawanna/football/recruiting,https://x.com/LCFalconsFB,https://www.lewisvillerecruiting.com/college-search-tool,2026-09-23,,1240
lafayette-pennsylvania-d1-fcs,Lafayette,D1-FCS,Patriot,Easton,Pennsylvania,https://goleopards.com/sports/football/coaches,https://lafayettefootballcamps.totalcamps.com/About%20Us,https://questionnaires.armssoftware.com/9414dc4e629a,https://x.com/LafColFootball,https://www.lewisvillerecruiting.com/college-search-tool,2026-09-23,https://a.espncdn.com/i/teamlogos/ncaa/500/322.png,1254
lagrange-college-georgia-d3,LaGrange College,D3,CCS,LaGrange,Georgia,https://lagrangepanthers.com/sports/football/coaches,https://lagrangepanthers.com/sports/football,https://www.fieldlevel.com/lagrange/football/recruiting,https://x.com/LaGrangeFTBL,https://www.lewisvillerecruiting.com/college-search-tool,2026-09-23,https://a.espncdn.com/i/teamlogos/ncaa/500/548.png,732
lake-erie-college-ohio-d2,Lake Erie College,D2,GMAC,Painesville,Ohio,https://lakeeriestorm.com/sports/football/coaches,https://lakeeriestorm.com/sports/2022/12/12/lake-erie-college-summer-camps.aspx,https://questionnaires.armssoftware.com/ade8956ae640,https://x.com/lakeeriefb,https://www.lewisvillerecruiting.com/college-search-tool,2026-09-23,https://a.espncdn.com/i/teamlogos/ncaa/500/437.png,969
lake-forest-college-illinois-d3,Lake Forest College,D3,MWC,Lake Forest,Illinois,https://goforesters.com/sports/football/coaches/2024,http://www.lakeforestfootballcamp.com/,https://goforesters.com/sports/football,https://x.com/LFAthletics,https://www.lewisvillerecruiting.com/college-search-tool,2026-09-23,https://a.espncdn.com/i/teamlogos/ncaa/500/262.png,689
lakeland-university-wisconsin-d3,Lakeland University,D3,NACC,Sheboygan,Wisconsin,https://lakelandmuskies.com/sports/football/coaches,https://lakelandmuskies.com/sports/2013/8/15/muskiecamps.aspx,https://lakelandmuskies.com/sports/football,https://x.com/lumuskiefb,https://www.lewisvillerecruiting.com/college-search-tool,2026-09-23,https://a.espncdn.com/i/teamlogos/ncaa/500/6353.png,762
lamar-texas-d1-fcs,Lamar,D1-FCS,WAC,Beaumont,Texas,https://lamarcardinals.com/sports/football/coaches,https://lamarcardinals.com/sports/football,https://questionnaires.armssoftware.com/665cfb24fc92,https://x.com/lamarfootball,https://www.lewisvillerecruiting.com/college-search-tool,2026-09-23,https://a.espncdn.com/i/teamlogos/ncaa/500/2320.png,432
lane-college-tennessee-d2,Lane College,D2,SIAC,Jackson,Tennessee,https://golcdragons.com/sports/football/roster#sidearm-roster-coaches,https://golcdragons.com/sports/football,https://www.fieldlevel.com/lanecollege/football/recruiting,https://x.com/LaneAthletics,https://www.lewisvillerecruiting.com/college-search-tool,2026-09-23,https://a.espncdn.com/i/teamlogos/ncaa/500/2323.png,486
laney-college-california-juco,Laney College,JUCO,Bay 6,Oakland,California,https://laney.edu/athletics/football#staff,https://laney.edu/athletics/football,https://www.laneyathletics.com/sports/football/recruiting,https://x.com/LaneyCollegeFB,https://www.lewisvillerecruiting.com/college-search-tool,2026-09-23,,1377
langston-university-oklahoma-naia,Langston University,NAIA,Sooner Athletic Conference,Langston,Oklahoma,https://langstonsports.com/sports/football/coaches?path=football,https://langstonsports.com/sports/football?path=football,https://langstonsports.com/sports/football?path=football,https://x.com/LUBoysFootball,https://www.lewisvillerecruiting.com/college-search-tool,2026-09-23,,24
lawrence-technological-university-michigan-naia,Lawrence Technological University,NAIA,Wolverine-hoosier,Southfield,Michigan,https://ltuathletics.com/splash.aspx?id=splash_9&path=football,https://ltuathletics.com/registrations/#!/camps/,https://college.jumpforward.com/questionnaire.aspx?iid=1787&sportid=18,https://x.com/ltu_fb,https://www.lewisvillerecruiting.com/college-search-tool,2026-09-23,,897
lawrence-university-wisconsin-d3,Lawrence University,D3,MWC,Appleton,Wisconsin,https://vikings.lawrence.edu/sports/football/roster/2026#sidearm-roster-coaches,https://vikings.lawrence.edu/sports/2020/5/20/information-camps-clinics-index.aspx,https://www.fieldlevel.com/lawrence/football/recruiting,https://x.com/luvikingsfb,https://www.lewisvillerecruiting.com/college-search-tool,2026-09-23,https://a.espncdn.com/i/teamlogos/ncaa/500/268.png,763
lebanon-valley-college-pennsylvania-d3,Lebanon Valley College,D3,MAC,Annville,Pennsylvania,https://godutchmen.com/sports/football/coaches,https://godutchmen.com/sports/2017/10/18/camps.aspx,https://www.fieldlevel.com/lvc/football/recruiting,https://x.com/lvcfootball,https://www.lewisvillerecruiting.com/college-search-tool,2026-09-23,https://a.espncdn.com/i/teamlogos/ncaa/500/388.png,1183
lehigh-pennsylvania-d1-fcs,Lehigh,D1-FCS,Patriot,Bethlehem,Pennsylvania,https://lehighsports.com/sports/football/coaches,https://lehighsports.com/sports/football,https://questionnaires.armssoftware.com/572c23813563,https://x.com/LehighFootball,https://www.lewisvillerecruiting.com/college-search-tool,2026-09-23,https://a.espncdn.com/i/teamlogos/ncaa/500/2329.png,1246
lenoir-rhyne-university-north-carolina-d2,Lenoir-Rhyne University,D2,SAC,Hickory,North Carolina,https://lrbears.com/sports/football/coaches,https://www.dougsochafootballcamps.com/,https://questionnaires.armssoftware.com/9f87b60990a3,https://x.com/LRBearsFootball,https://www.lewisvillerecruiting.com/college-search-tool,2026-09-23,https://a.espncdn.com/i/teamlogos/ncaa/500/2331.png,905
lewis-clark-college-oregon-d3,Lewis & Clark College,D3,NWC,Portland,Oregon,https://golcathletics.com/sports/baseball/coaches,https://www.lewisandclarkfootballskillscamp.com/index.cfm,https://apply.lclark.edu/register/recruit,https://x.com/lcpiosfb,https://www.lewisvillerecruiting.com/college-search-tool,2026-09-23,https://a.espncdn.com/i/teamlogos/ncaa/500/2333.png,1479
liberty-virginia-d1-fbs,Liberty,D1-FBS,C-USA,Lynchburg,Virginia,https://libertyflames.com/sports/football/coaches,https://libertyflames.com/sports/2017/8/20/camps,https://questionnaires.armssoftware.com/174fa9a5d8bc,https://x.com/LibertyFootball,https://www.lewisvillerecruiting.com/college-search-tool,2026-09-23,https://a.espncdn.com/i/teamlogos/ncaa/500/2335.png,1024
lincoln-university-missouri-missouri-d2,Lincoln University - Missouri,D2,MIAA,Jefferson City,Missouri,https://lubluetigers.com/sports/football/roster#sidearm-roster-coaches,https://www.mosesharperfootballcamps.com/,https://www.fieldlevel.com/lincolnu/football/recruiting,https://x.com/gobluetigers,https://www.lewisvillerecruiting.com/college-search-tool,2026-09-23,,355
lincoln-university-pennsylvania-pennsylvania-d2,Lincoln University Pennsylvania,D2,CIAA,Lower Oxford,Pennsylvania,https://lulions.com/sports/football/coaches,https://lulions.com/sports/2021/5/27/lincoln-university-summer-camps.aspx,https://lulions.com/sports/football,https://x.com/LUL1onsFootball,https://www.lewisvillerecruiting.com/college-search-tool,2026-09-23,,
lindenwood-missouri-d1-fcs,Lindenwood,D1-FCS,Ohio Valley,St. Charles,Missouri,https://lindenwoodlions.com/sports/football/coaches,https://football.lindenwoodlionscamps.com/,https://questionnaires.armssoftware.com/9708055dfd3f,https://x.com/LindenwoodFB,https://www.lewisvillerecruiting.com/college-search-tool,2026-09-23,https://a.espncdn.com/i/teamlogos/ncaa/500/2815.png,448
lindsey-wilson-college-kentucky-naia,Lindsey Wilson College,NAIA,Mid-South Conference,Columbia,Kentucky,https://lindseyathletics.com/sports/football/coaches,https://commerce.cashnet.com/cashneti/static/storefront/LWC/catalog,https://www.fieldlevel.com/lindsey/football/recruiting,https://x.com/LWC_Football,https://www.lewisvillerecruiting.com/college-search-tool,2026-09-23,,684
linfield-university-oregon-d3,Linfield University,D3,NWC,McMinnville,Oregon,https://golinfieldwildcats.com/sports/football/coaches,https://golinfieldwildcats.com/sports/football,https://golinfieldwildcats.com/sb_output.aspx?frform=3,https://x.com/linfieldfb,https://www.lewisvillerecruiting.com/college-search-tool,2026-09-23,https://a.espncdn.com/i/teamlogos/ncaa/500/203.png,1496
livingstone-college-north-carolina-d2,Livingstone College,D2,CIAA,Salisbury,North Carolina,https://bluebearathletics.com/sports/football,https://bluebearathletics.com/sports/football,https://www.fieldlevel.com/livingstone/football/recruiting,https://x.com/livingstonefoo1,https://www.lewisvillerecruiting.com/college-search-tool,2026-09-23,https://a.espncdn.com/i/teamlogos/ncaa/500/2940.png,953
lock-haven-university-pennsylvania-d2,Lock Haven University,D2,PSAC,Lock Haven,Pennsylvania,https://www.lockhavenathletics.com/sports/football/coaches,https://lhufootball.totalcamps.com/About%20Us,https://questionnaires.armssoftware.com/4b0148820178,https://x.com/LHU_Football,https://www.lewisvillerecruiting.com/college-search-tool,2026-09-23,https://a.espncdn.com/i/teamlogos/ncaa/500/209.png,1146
long-beach-city-college-california-juco,Long Beach City College,JUCO,Central,Long Beach,California,https://www.lbccvikings.com/sports/fball/coaches/index,https://www.lbccvikings.com/sports/fball/index,https://questionnaires.armssoftware.com/397fa098d8bc,https://x.com/lbccvikings,https://www.lewisvillerecruiting.com/college-search-tool,2026-09-23,,1181
long-island-new-york-d1-fcs,Long Island,D1-FCS,Northeast,Brookville,New York,https://www.liuathletics.com/sports/football/coaches,https://liu.edu/sports-camps,https://questionnaires.armssoftware.com/c27887340f20,https://x.com/LIUSharksFB,https://www.lewisvillerecruiting.com/college-search-tool,2026-09-23,https://a.espncdn.com/i/teamlogos/ncaa/500/2341.png,1341
loras-college-iowa-d3,Loras College,D3,ARC,Dubuque,Iowa,https://duhawks.com/sports/football/coaches,https://football.duhawkcamps.com/index.cfm,https://forms.arirecruiting.com/forms/Loras.Football/form,https://x.com/LorasCollegeFB,https://www.lewisvillerecruiting.com/college-search-tool,2026-09-23,https://a.espncdn.com/i/teamlogos/ncaa/500/263.png,597
los-angeles-southwest-college-california-juco,Los Angeles Southwest College,JUCO,Metro,Los Angeles,California,https://www.lasc.edu/campus-life/athletics,https://www.lasc.edu/campus-life/athletics,https://www.fieldlevel.com/e7drjw4m/football/recruiting,https://x.com/LASCCampus,https://www.lewisvillerecruiting.com/college-search-tool,2026-09-23,,1180
los-angeles-valley-college-california-juco,Los Angeles Valley College,JUCO,Pacific,Valley Glen,California,https://www.lavcathletics.com/sports/fball/coaches/index,https://www.lavcathletics.com/sports/fball/index,https://www.fieldlevel.com/lavc/baseball/recruiting,https://x.com/valleycollegefb,https://www.lewisvillerecruiting.com/college-search-tool,2026-09-23,,1189
los-medanos-college-california-juco,Los Medanos College,JUCO,Pacific 7,Pittsburg,California,https://www.losmedanos.edu/studentservices/athletics/football/coaches.aspx,https://www.losmedanos.edu/football/index.aspx,https://www.losmedanos.edu/athletics/firstcontact.aspx,https://x.com/lmcmustangs,https://www.lewisvillerecruiting.com/college-search-tool,2026-09-23,,1356
louisburg-college-north-carolina-juco,Louisburg College,JUCO,Independent,Louisburg,North Carolina,https://www.lchurricanes.com/sports/fball/coaches/index,https://www.lchurricanes.com/sports/fball/index,https://www.fieldlevel.com/jz81comv/football/recruiting,https://x.com/louisburg_fb,https://www.lewisvillerecruiting.com/college-search-tool,2026-09-23,,1072
louisiana-louisiana-d1-fbs,Louisiana,D1-FBS,Sun Belt,Lafayette,Louisiana,https://ragincajuns.com/sports/football/coaches,https://ragincajuns.com/sports/football,https://ragincajuns.com/sports/football,https://x.com/RaginCajunsFB,https://www.lewisvillerecruiting.com/college-search-tool,2026-09-23,https://a.espncdn.com/i/teamlogos/ncaa/500/309.png,491
louisiana-christian-university-louisiana-naia,Louisiana Christian University,NAIA,Sooner Athletic Conference,Pineville,Louisiana,https://www.lcwildcats.net/sports/football/staff,https://www.lcwildcats.net/sports/football,https://www.lcwildcats.net/sports/football,https://x.com/lcu_ftball,https://www.lewisvillerecruiting.com/college-search-tool,2026-09-23,,417
louisiana-tech-louisiana-d1-fbs,Louisiana Tech,D1-FBS,Sun Belt,Ruston,Louisiana,https://latechsports.com/sports/football/coaches,https://www.sonnycumbiefootballcamps.com/,https://questionnaires.armssoftware.com/ae17badbf668,https://x.com/LATechFB,https://www.lewisvillerecruiting.com/college-search-tool,2026-09-23,https://a.espncdn.com/i/teamlogos/ncaa/500/2348.png,351
louisiana-monroe-louisiana-d1-fbs,Louisiana-Monroe,D1-FBS,Sun Belt,Monroe,Louisiana,https://ulmwarhawks.com/sports/football/coaches,https://ulmwarhawks.com/sports/football,https://ulmwarhawks.com/sports/football,https://x.com/ULM_FB,https://www.lewisvillerecruiting.com/college-search-tool,2026-09-23,,376
louisville-kentucky-d1-fbs,Louisville,D1-FBS,ACC,Louisville,Kentucky,https://gocards.com/sports/football/coaches,https://gocards.com/sports/football,https://gocards.com/sports/football,https://x.com/LouisvilleFB,https://www.lewisvillerecruiting.com/college-search-tool,2026-09-23,https://a.espncdn.com/i/teamlogos/ncaa/500/97.png,671
lsu-louisiana-d1-fbs,LSU,D1-FBS,SEC,Baton Rouge,Louisiana,https://lsusports.net/sports/fb/roster#coaches,https://lsusports.net/camps-clinics,https://lsusports.net/news/2005/08/31/177168/,https://x.com/LSUfootball,https://www.lewisvillerecruiting.com/college-search-tool,2026-09-23,https://a.espncdn.com/i/teamlogos/ncaa/500/99.png,512
luther-college-iowa-d3,Luther College,D3,ARC,Decorah,Iowa,https://luthernorse.com/sports/football/roster#sidearm-roster-coaches,https://luthernorse.com/sports/football,https://luthernorse.com/sports/2011/7/29/_132386998427093912.aspx,https://x.com/LutherFootball,https://www.lewisvillerecruiting.com/college-search-tool,2026-09-23,https://a.espncdn.com/i/teamlogos/ncaa/500/67.png,609
lycoming-college-pennsylvania-d3,Lycoming College,D3,Landmark,Williamsport,Pennsylvania,https://lycomingathletics.com/sports/football/coaches,https://lycomingathletics.com/sports/2009/9/16/FOOT_Camps.aspx,https://lycomingathletics.com/sb_output.aspx?frform=2&path=football,https://x.com/warriorsfball,https://www.lewisvillerecruiting.com/college-search-tool,2026-09-23,https://a.espncdn.com/i/teamlogos/ncaa/500/2354.png,1170
lyon-college-arkansas-d3,Lyon College,D3,SLIAC,Batesville,Arkansas,https://lyonscots.com/sports/football/coaches,https://www.lyonfootballcamps.com/,https://www.fieldlevel.com/lyon/football/recruiting,https://x.com/_Lyon_Football,https://www.lewisvillerecruiting.com/college-search-tool,2026-09-23,,328
macalester-college-minnesota-d3,Macalester College,D3,MIAC,St. Paul,Minnesota,https://athletics.macalester.edu/sports/football/coaches,https://athletics.macalester.edu/sports/2012/7/10/GEN_0710125144.aspx,https://www.fieldlevel.com/macalaster/football/recruiting,https://x.com/MacalesterFB,https://www.lewisvillerecruiting.com/college-search-tool,2026-09-23,https://a.espncdn.com/i/teamlogos/ncaa/500/2359.png,682
madonna-university-michigan-naia,Madonna University,NAIA,Wolverine-hoosier,Livonia,Michigan,https://mucrusaders.com/sports/football/coaches,https://mucrusaders.com/sports/football,https://www.fieldlevel.com/tyam6ddq/football/recruiting,https://x.com/mucrusadersfb,https://www.lewisvillerecruiting.com/college-search-tool,2026-09-23,,887
maine-maine-d1-fcs,Maine,D1-FCS,CAA,Orono,Maine,https://goblackbears.com/sports/football/coaches,https://goblackbears.com/sports/2020/3/16/football-camps,https://questionnaires.armssoftware.com/66a51f31ef1b,https://x.com/BlackBearsFB,https://www.lewisvillerecruiting.com/college-search-tool,2026-09-23,https://a.espncdn.com/i/teamlogos/ncaa/500/311.png,1636
maine-maritime-academy-maine-d3,Maine Maritime Academy,D3,JUCO,Castine,Maine,https://marinersports.org/sports/football/coaches/2026,https://marinersports.org/sports/football,https://www.fieldlevel.com/mma/football/recruiting,https://x.com/MMA_Football,https://www.lewisvillerecruiting.com/college-search-tool,2026-09-23,,1623
manchester-university-indiana-d3,Manchester University,D3,HCAC,North Manchester,Indiana,https://muspartans.com/sports/football/roster#sidearm-roster-coaches,https://muspartans.com/sports/football,https://www.fieldlevel.com/ryq3dmt3/football/recruiting,https://x.com/MU_SpartanFB,https://www.lewisvillerecruiting.com/college-search-tool,2026-09-23,https://a.espncdn.com/i/teamlogos/ncaa/500/2362.png,733
marian-university-indiana-indiana-naia,Marian University - Indiana,NAIA,Crossroads,Indianapolis,Indiana,https://muknights.com/sports/football/coaches,https://www.mariansportcamps.com/,https://muknights.com/sports/football,https://x.com/marianufootball,https://www.lewisvillerecruiting.com/college-search-tool,2026-09-23,,680
marietta-college-ohio-d3,Marietta College,D3,OAC,Marietta,Ohio,https://pioneers.marietta.edu/sports/football/coaches,https://pioneers.marietta.edu/sports/2023/4/18/2023-football-camps.aspx,https://pioneers.marietta.edu/sb_output.aspx?frform=1,https://x.com/Marietta_FB,https://www.lewisvillerecruiting.com/college-search-tool,2026-09-23,https://a.espncdn.com/i/teamlogos/ncaa/500/317.png,914
marist-new-york-d1-fcs,Marist,D1-FCS,Pioneer,Poughkeepsie,New York,https://goredfoxes.com/sports/football/coaches,https://www.maristcamps.com/,https://questionnaires.armssoftware.com/fd0489e9b5c6,https://x.com/marist_fball,https://www.lewisvillerecruiting.com/college-search-tool,2026-09-23,https://a.espncdn.com/i/teamlogos/ncaa/500/2368.png,1333
mars-hill-university-north-carolina-d2,Mars Hill University,D2,SAC,Mars Hill,North Carolina,https://www.marshilllions.com/sports/fball/coaches/clifton_tim?view=bio,https://marshillfootballcamps.totalcamps.com/About%20Us,https://questionnaires.armssoftware.com/3c53f4939042,https://x.com/marshill_fb,https://www.lewisvillerecruiting.com/college-search-tool,2026-09-23,https://a.espncdn.com/i/teamlogos/ncaa/500/2369.png,837
marshall-west-virginia-d1-fbs,Marshall,D1-FBS,Sun Belt,Huntington,West Virginia,https://herdzone.com/sports/football/coaches,https://herdzone.com/sports/football,https://questionnaires.armssoftware.com/67473590478d,https://x.com/HerdFB,https://www.lewisvillerecruiting.com/college-search-tool,2026-09-23,https://a.espncdn.com/i/teamlogos/ncaa/500/276.png,850
martin-luther-college-minnesota-d3,Martin Luther College,D3,UMAC,New Ulm,Minnesota,https://mlcknights.com/sports/football/roster#sidearm-roster-coaches,https://mlc-wels.edu/athletic-camps/,https://docs.google.com/forms/d/e/1FAIpQLSev-FWIx30rE0TIMoX9nBoRhsC0jtCRS72aIIq1yl3djreE4w/viewform,https://x.com/mlcfootball,https://www.lewisvillerecruiting.com/college-search-tool,2026-09-23,https://a.espncdn.com/i/teamlogos/ncaa/500/446.png,619
maryland-maryland-d1-fbs,Maryland,D1-FBS,Big Ten,College Park,Maryland,https://umterps.com/sports/football/coaches,https://www.coachlockscamps.com/,https://questionnaires.armssoftware.com/b37f2f0aac44,https://x.com/TerpsFootball,https://www.lewisvillerecruiting.com/college-search-tool,2026-09-23,https://a.espncdn.com/i/teamlogos/ncaa/500/120.png,1149
maryville-college-tennessee-d3,Maryville College,D3,CCS,Maryville,Tennessee,https://mcscots.com/sports/football/coaches,https://mcscots.com/sports/2025/7/9/camps-Camp-Page.aspx,https://mcscots.com/sports/football,https://x.com/MCScotsFootball,https://www.lewisvillerecruiting.com/college-search-tool,2026-09-23,,757
massachusetts-institute-of-technology-mit-massachusetts-d3,Massachusetts Institute of Technology - MIT,D3,NEWMAC,Cambridge,Massachusetts,https://mitathletics.com/sports/football/coaches,https://mitathletics.com/sports/2021/4/20/information-Camps-Clinics.aspx,https://questionnaires.armssoftware.com/d22c6482a4b5,https://x.com/mitfootball,https://www.lewisvillerecruiting.com/college-search-tool,2026-09-23,,1483
massachusetts-maritime-academy-massachusetts-d3,Massachusetts Maritime Academy,D3,MASCAC,Buzzards Bay,Massachusetts,https://www.mmabucs.com/sports/fball/coaches/index,https://www.mmabucs.com/sports/fball/index,https://www.mmabucs.com/sports/fball,https://x.com/bucs_fball,https://www.lewisvillerecruiting.com/college-search-tool,2026-09-23,,1501
mayville-state-university-north-dakota-naia,Mayville State University,NAIA,Frontier Conference,Mayville,North Dakota,https://msucomets.com/sports/football/coaches,https://msucomets.com/sports/football,https://college.jumpforward.com/questionnaire.aspx?iid=1783&sportid=18,https://x.com/mayville_fb,https://www.lewisvillerecruiting.com/college-search-tool,2026-09-23,,818
mcdaniel-college-maryland-d3,McDaniel College,D3,Centennial,Westminster,Maryland,https://mcdanielathletics.com/staff-directory/football-department/2,https://mcdanielathletics.com/sports/2022/4/29/information-camps-clinics-index,https://mcdanielathletics.com/sports/2023/9/26/prospective-student-athletes.aspx,https://x.com/McDaniel_FB,https://www.lewisvillerecruiting.com/college-search-tool,2026-09-23,https://a.espncdn.com/i/teamlogos/ncaa/500/2700.png,1151
mckendree-university-illinois-d2,McKendree University,D2,GLVC,Lebanon,Illinois,https://mckbearcats.com/sports/football/roster/2025#sidearm-roster-coaches,https://football.mckendreecamps.com/,https://mckbearcats.com/sports/football,https://x.com/mckendree_fb,https://www.lewisvillerecruiting.com/college-search-tool,2026-09-23,https://a.espncdn.com/i/teamlogos/ncaa/500/2816.png,469
mcmurry-university-texas-d3,McMurry University,D3,ASC,Abilene,Texas,https://mcmurrysports.com/sports/football/coaches,https://mcmurrysports.com/sports/2013/5/7/GEN_0507132340.aspx,https://mcmurrysports.com/sb_output.aspx?frform=6&path=football,https://x.com/mcmurryfootball,https://www.lewisvillerecruiting.com/college-search-tool,2026-09-23,https://a.espncdn.com/i/teamlogos/ncaa/500/241.png,256
mcneese-state-louisiana-d1-fcs,McNeese State,D1-FCS,Southland,Lake Charles,Louisiana,https://mcneesesports.com/sports/football/coaches,https://mcneesefootball.totalcamps.com/About%20Us,https://mcneesesports.com/sports/football,https://x.com/mcneesefb,https://www.lewisvillerecruiting.com/college-search-tool,2026-09-23,,450
mcpherson-college-kansas-naia,McPherson College,NAIA,Kansas Collegiate Athletic Conference,McPherson,Kansas,https://macbulldogs.com/sports/football/coaches,https://macbulldogs.com/sports/football,https://macbulldogs.com/sports/2018/12/21/recruiting-questionnaire.aspx,https://x.com/macbulldogsfb,https://www.lewisvillerecruiting.com/college-search-tool,2026-09-23,,188
memphis-tennessee-d1-fbs,Memphis,D1-FBS,American,Memphis,Tennessee,https://gotigersgo.com/sports/football/coaches,https://tigerfootballcamps.totalcamps.com/About%20Us,https://questionnaires.armssoftware.com/7deec5814344,https://x.com/MemphisFB,https://www.lewisvillerecruiting.com/college-search-tool,2026-09-23,https://a.espncdn.com/i/teamlogos/ncaa/500/235.png,420
merced-college-california-juco,Merced College,JUCO,CVC,Merced,California,https://www.mccd.edu/campus-life/athletics/sports/football/,https://www.mccd.edu/campus-life/athletics/,https://www.mccd.edu/campus-life/athletics/sports/football/recruitment/,https://x.com/CoachPinasco,https://www.lewisvillerecruiting.com/college-search-tool,2026-09-23,,1280
mercer-georgia-d1-fcs,Mercer,D1-FCS,Southern,Macon,Georgia,https://mercerbears.com/staff-directory/football-department/17,https://www.coachjoeltaylorfootballcamps.com/,https://questionnaires.armssoftware.com/530da47cbff2,https://x.com/MercerFootball,https://www.lewisvillerecruiting.com/college-search-tool,2026-09-23,https://a.espncdn.com/i/teamlogos/ncaa/500/2382.png,814
mercyhurst-pennsylvania-d1-fcs,Mercyhurst,D1-FCS,NEC,Erie,Pennsylvania,https://hurstathletics.com/sports/football/coaches,https://mercyhurstfootball.totalcamps.com/About%20Us,https://hurstathletics.com/sports/2011/9/27/GEN_0927110018.aspx,https://x.com/mercyhurstfb,https://www.lewisvillerecruiting.com/college-search-tool,2026-09-23,https://a.espncdn.com/i/teamlogos/ncaa/500/2385.png,1034
merrimack-massachusetts-d1-fcs,Merrimack,D1-FCS,Independent,North Andover,Massachusetts,https://merrimackathletics.com/sports/football/coaches,https://merrimackfootballclinics.totalcamps.com/About%20Us,https://questionnaires.armssoftware.com/db3ff541efa9,https://x.com/Merrimack_FB,https://www.lewisvillerecruiting.com/college-search-tool,2026-09-23,https://a.espncdn.com/i/teamlogos/ncaa/500/2771.png,1485
mesabi-range-college-minnesota-juco,Mesabi Range College,JUCO,Minnesota College Athletic Conference,Virginia,Minnesota,https://www.mesabirangeathletics.com/sports/fball/coaches/index,https://www.mesabirangeathletics.com/sports/fball/index,https://www.fieldlevel.com/9hd9k7jc/football/recruiting,https://x.com/mrcnorsefb,https://www.lewisvillerecruiting.com/college-search-tool,2026-09-23,,859
methodist-university-north-carolina-d3,Methodist University,D3,USA South,Fayetteville,North Carolina,https://mumonarchs.com/sports/football/coaches,https://mumonarchs.com/sports/2008/8/24/camp.aspx?path=general,https://mumonarchs.com/sb_output.aspx?frform=2,https://x.com/Methodist_FB,https://www.lewisvillerecruiting.com/college-search-tool,2026-09-23,https://a.espncdn.com/i/teamlogos/ncaa/500/291.png,1047
miami-fl-florida-d1-fbs,Miami (FL),D1-FBS,ACC,Coral Gables,Florida,https://miamihurricanes.com/sports/football/roster/#staff,https://mariocristobalfootballcamps.totalcamps.com/About%20Us,https://miamihurricanes.com/sports/football,https://x.com/CanesFootball,https://www.lewisvillerecruiting.com/college-search-tool,2026-09-23,,1228
miami-oh-ohio-d1-fbs,Miami (OH),D1-FBS,MAC,Oxford,Ohio,https://miamiredhawks.com/sports/football/coaches,https://miamiuniversityfootballcamps.totalcamps.com/About%20Us,https://questionnaires.armssoftware.com/8ec82a98b444,https://x.com/MiamiOHFootball,https://www.lewisvillerecruiting.com/college-search-tool,2026-09-23,https://a.espncdn.com/i/teamlogos/ncaa/500/193.png,745
michigan-michigan-d1-fbs,Michigan,D1-FBS,Big Ten,Ann Arbor,Michigan,https://mgoblue.com/sports/2017/6/28/football-coaches,https://camps.mgoblue.com/football/,https://questionnaires.armssoftware.com/6b6c8f52db3f,https://x.com/UMichFootball,https://www.lewisvillerecruiting.com/college-search-tool,2026-09-23,https://a.espncdn.com/i/teamlogos/ncaa/500/130.png,867
michigan-state-michigan-d1-fbs,Michigan State,D1-FBS,Big Ten,East Lansing,Michigan,https://msuspartans.com/sports/football/coaches,https://www.footballcampsmsu.com/,https://msuspartans.com/sports/football,https://x.com/MSU_Football,https://www.lewisvillerecruiting.com/college-search-tool,2026-09-23,https://a.espncdn.com/i/teamlogos/ncaa/500/127.png,849
michigan-technological-university-michigan-d2,Michigan Technological University,D2,GLIAC,Houghton,Michigan,https://michigantechhuskies.com/sports/football/coaches,https://michigantechhuskies.com/sports/football,https://questionnaires.armssoftware.com/5104c69f22b4,https://x.com/mtufb,https://www.lewisvillerecruiting.com/college-search-tool,2026-09-23,,916
midamerica-nazarene-university-kansas-naia,MidAmerica Nazarene University,NAIA,Heart of America Athletic Conference,Olathe,Kansas,https://mnusports.com/sports/football/coaches,https://www.mnufootballcamps.com/index.cfm,https://apply.mnu.edu/register/football,https://x.com/mnusports,https://www.lewisvillerecruiting.com/college-search-tool,2026-09-23,,267
middle-tennessee-tennessee-d1-fbs,Middle Tennessee,D1-FBS,C-USA,Murfreesboro,Tennessee,https://goblueraiders.com/sports/football/coaches,https://derekmasonfootball.totalcamps.com/About%20Us,https://www.fieldlevel.com/mtsu/football/recruiting,https://x.com/MT_FB,https://www.lewisvillerecruiting.com/college-search-tool,2026-09-23,https://a.espncdn.com/i/teamlogos/ncaa/500/2393.png,622
middlebury-college-vermont-d3,Middlebury College,D3,NESCAC,Middlebury,Vermont,https://athletics.middlebury.edu/sports/football/coaches,https://athletics.middlebury.edu/sports/football,https://www.fieldlevel.com/middlebury/football/recruiting,https://x.com/MiddFootball,https://www.lewisvillerecruiting.com/college-search-tool,2026-09-23,https://a.espncdn.com/i/teamlogos/ncaa/500/2394.png,1406
midland-university-nebraska-naia,Midland University,NAIA,Great Plains Athletic Conference,Fremont,Nebraska,https://www.midlandathletics.com/sports/fball/coaches/index,https://www.midlandathletics.com/sports/fball,https://www.fieldlevel.com/midlandu/football/recruiting,https://x.com/MidlandU_FB,https://www.lewisvillerecruiting.com/college-search-tool,2026-09-23,,403
midwestern-state-university-texas-d2,Midwestern State University,D2,LSC,Wichita Falls,Texas,https://msumustangs.com/sports/football/coaches,https://msumustangs.com/sports/2023/3/28/2023-midwestern-state-summer-camps.aspx,https://questionnaires.armssoftware.com/64c85deac8bb,https://x.com/msutexasfb,https://www.lewisvillerecruiting.com/college-search-tool,2026-09-23,,133
miles-college-alabama-d2,Miles College,D2,SIAC,Fairfield,Alabama,https://milesgoldenbears.com/sports/football,https://milesgoldenbears.com/sports/football,https://milesgoldenbears.com/sports/football,https://x.com/miles_football,https://www.lewisvillerecruiting.com/college-search-tool,2026-09-23,https://a.espncdn.com/i/teamlogos/ncaa/500/2396.png,619
millersville-university-of-pennsylvania-pennsylvania-d2,Millersville University of Pennsylvania,D2,PSAC,Millersville,Pennsylvania,https://millersvilleathletics.com/sports/football/coaches,https://millersvillefootball.totalcamps.com/About%20Us,https://questionnaires.armssoftware.com/2b06d027b120?path=football,https://x.com/villefb,https://www.lewisvillerecruiting.com/college-search-tool,2026-09-23,,1188
millikin-university-illinois-d3,Millikin University,D3,CCIW,Decatur,Illinois,https://athletics.millikin.edu/sports/football/coaches,https://athletics.millikin.edu/sports/football,https://www.fieldlevel.com/millikin/football/recruiting,https://x.com/mu_bigbluefb,https://www.lewisvillerecruiting.com/college-search-tool,2026-09-23,https://a.espncdn.com/i/teamlogos/ncaa/500/74.png,548
millsaps-college-mississippi-d3,Millsaps College,D3,SAA,Jackson,Mississippi,https://gomajors.com/sports/football/coaches,https://gomajors.com/sports/2018/5/14/millsaps-camps.aspx,https://www.fieldlevel.com/app/organization/millsaps/football/recruitment,https://x.com/majorsfootball,https://www.lewisvillerecruiting.com/college-search-tool,2026-09-23,https://a.espncdn.com/i/teamlogos/ncaa/500/2398.png,478
minnesota-minnesota-d1-fbs,Minnesota,D1-FBS,Big Ten,Minneapolis,Minnesota,https://gophersports.com/sports/football/coaches,https://www.pjfleckrtbfootballcamps.com/,https://questionnaires.armssoftware.com/cbe67caed9e3,https://x.com/GopherFootball,https://www.lewisvillerecruiting.com/college-search-tool,2026-09-23,https://a.espncdn.com/i/teamlogos/ncaa/500/135.png,681
minnesota-state-community-technical-college-minnesota-juco,Minnesota State Community & Technical College,JUCO,Minnesota College Athletic Conference,Fergus Falls,Minnesota,https://athletics.minnesota.edu/sports/fball/coaches/index,https://athletics.minnesota.edu/sports/fball/index,https://athletics.minnesota.edu/sports/fball,https://x.com/mst8football,https://www.lewisvillerecruiting.com/college-search-tool,2026-09-23,,738
minnesota-state-university-mankato-minnesota-d2,Minnesota State University - Mankato,D2,NSIC,Mankato,Minnesota,https://msumavericks.com/sports/football/coaches,https://msumavericks.com/sports/2022/10/10/2023-football-camps.aspx,https://msumavericks.com/sports/football,https://x.com/minnstfootball,https://www.lewisvillerecruiting.com/college-search-tool,2026-09-23,,616
minnesota-state-university-moorhead-minnesota-d2,Minnesota State University - Moorhead,D2,NSIC,Moorhead,Minnesota,https://www.msumdragons.com/sports/football/coaches,https://www.msumdragons.com/sports/2013/3/25/FB_0325130628.aspx?path=football,https://www.msumdragons.com/sports/football,https://x.com/msum_football,https://www.lewisvillerecruiting.com/college-search-tool,2026-09-23,,776
minnesota-west-community-technical-college-minnesota-juco,Minnesota West Community & Technical College,JUCO,Minnesota College Athletic Conference,Worthington,Minnesota,https://www.mnwestathletics.com/sports/fball/2017-18/bios/index,https://www.mnwestathletics.com/sports/fball,https://www.mnwestathletics.com/sports/fball,https://x.com/mnwestfootball,https://www.lewisvillerecruiting.com/college-search-tool,2026-09-23,,559
minot-state-university-north-dakota-d2,Minot State University,D2,NSIC,Minot,North Dakota,https://msubeavers.com/sports/football/coaches,https://minotstatefootballcamps.totalcamps.com/shop/EVENT,https://questionnaires.armssoftware.com/5fddbdd685d5,https://x.com/msubeavers,https://www.lewisvillerecruiting.com/college-search-tool,2026-09-23,https://a.espncdn.com/i/teamlogos/ncaa/500/568.png,891
misericordia-university-pennsylvania-d3,Misericordia University,D3,MAC,Dallas,Pennsylvania,https://athletics.misericordia.edu/sports/football/coaches,https://athletics.misericordia.edu/sports/football,https://athletics.misericordia.edu/sports/football,https://x.com/mucougarsfb,https://www.lewisvillerecruiting.com/college-search-tool,2026-09-23,https://a.espncdn.com/i/teamlogos/ncaa/500/2969.png,1224
mississippi-delta-community-college-mississippi-juco,Mississippi Delta Community College,JUCO,MACCC,Moorhead,Mississippi,https://www.mdcctrojans.com/sports/fball/coaches/index,https://www.mdcctrojans.com/sports/fball,https://www.fieldlevel.com/msdelta/football/recruiting,https://x.com/mdccathletics,https://www.lewisvillerecruiting.com/college-search-tool,2026-09-23,,425
mississippi-gulf-coast-community-college-mississippi-juco,Mississippi Gulf Coast Community College,JUCO,MACCC,Perkinston,Mississippi,https://www.mgcccbulldogs.com/sports/fball/coaches/index,https://www.mgcccbulldogs.com/sports/fball,https://www.mgcccbulldogs.com/sports/fball,https://x.com/MGCCCBulldogs,https://www.lewisvillerecruiting.com/college-search-tool,2026-09-23,,588
mississippi-state-mississippi-d1-fbs,Mississippi State,D1-FBS,SEC,Starkville,Mississippi,https://hailstate.com/sports/football/coaches,https://www.hailstatecamps.com/football/index.cfm,https://www.fieldlevel.com/msstate/football/recruiting,https://x.com/HailStateFB,https://www.lewisvillerecruiting.com/college-search-tool,2026-09-23,https://a.espncdn.com/i/teamlogos/ncaa/500/344.png,515
mississippi-valley-state-mississippi-d1-fcs,Mississippi Valley State,D1-FCS,SWAC,Itta Bena,Mississippi,https://mvsusports.com/sports/football/coaches,https://mvsusports.com/sports/football,https://mvsusports.com/sports/football,https://x.com/ValleyStateFB,https://www.lewisvillerecruiting.com/college-search-tool,2026-09-23,https://a.espncdn.com/i/teamlogos/ncaa/500/2400.png,434
missouri-missouri-d1-fbs,Missouri,D1-FBS,SEC,Columbia,Missouri,https://mutigers.com/sports/football,https://mutigers.com/camps,https://questionnaires.armssoftware.com/cfea5c47a460,https://x.com/MizzouFootball,https://www.lewisvillerecruiting.com/college-search-tool,2026-09-23,https://a.espncdn.com/i/teamlogos/ncaa/500/142.png,363
missouri-baptist-university-missouri-naia,Missouri Baptist University,NAIA,American-Midwest,St. Louis,Missouri,https://mbuspartans.com/sports/football/coaches,https://mbuspartans.com/sports/football,https://mbuspartans.com/sports/football,https://x.com/mbufootball,https://www.lewisvillerecruiting.com/college-search-tool,2026-09-23,https://a.espncdn.com/i/teamlogos/ncaa/500/2880.png,450
missouri-southern-state-university-missouri-d2,Missouri Southern State University,D2,MIAA,Joplin,Missouri,https://mssulions.com/sports/football/coaches,https://mssufootballcamps.totalcamps.com/About%20Us,https://questionnaires.armssoftware.com/b56dcd1142ef,https://x.com/mosofootball,https://www.lewisvillerecruiting.com/college-search-tool,2026-09-23,https://a.espncdn.com/i/teamlogos/ncaa/500/2403.png,192
missouri-state-missouri-d1-fbs,Missouri State,D1-FBS,C-USA,Springfield,Missouri,https://missouristatebears.com/sports/football/coaches,https://missouristatefootballcamps.totalcamps.com/About%20Us,https://questionnaires.armssoftware.com/cfea5c47a460,https://x.com/MOStateFootball,https://www.lewisvillerecruiting.com/college-search-tool,2026-09-23,https://a.espncdn.com/i/teamlogos/ncaa/500/2623.png,256
missouri-university-of-science-technology-missouri-d2,Missouri University of Science & Technology,D2,GLVC,Rolla,Missouri,https://minerathletics.com/sports/football/coaches,https://www.minerfootballcamps.com/,https://questionnaires.armssoftware.com/7db0d273d7d8,https://x.com/miners_fb,https://www.lewisvillerecruiting.com/college-search-tool,2026-09-23,,353
missouri-valley-college-missouri-naia,Missouri Valley College,NAIA,Heart of America Athletic Conference,Marshall,Missouri,https://www.valleywillroll.com/sports/fball/coaches/index,https://www.valleywillroll.com/sports/fball,https://www.valleywillroll.com/sports/fball,https://x.com/movalfootball,https://www.lewisvillerecruiting.com/college-search-tool,2026-09-23,,336
missouri-western-state-university-missouri-d2,Missouri Western State University,D2,MIAA,St. Joseph,Missouri,https://gogriffons.com/sports/football/coaches,https://gogriffons.com/sports/football,https://questionnaires.armssoftware.com/ed8ddabe798b,https://x.com/mwsu_football,https://www.lewisvillerecruiting.com/college-search-tool,2026-09-23,,
modesto-junior-college-california-juco,Modesto Junior College,JUCO,Valley,Modesto,California,https://athletics.mjc.edu/sports/fball/coaches/index,https://athletics.mjc.edu/sports/fball/index,https://www.fieldlevel.com/mjc/football/recruiting,https://x.com/MJCFootball,https://www.lewisvillerecruiting.com/college-search-tool,2026-09-23,,1308
monmouth-new-jersey-d1-fcs,Monmouth,D1-FCS,CAA,West Long Branch,New Jersey,https://monmouthhawks.com/sports/football/coaches,https://footballcamps.monmouthhawks.com/,https://monmouthhawks.com/sports/football,https://x.com/MUHawksFB,https://www.lewisvillerecruiting.com/college-search-tool,2026-09-23,https://a.espncdn.com/i/teamlogos/ncaa/500/2405.png,1313
monmouth-college-illinois-d3,Monmouth College,D3,MWC,Monmouth,Illinois,https://monmouthscots.com/sports/football/coaches,https://monmouthscots.com/sports/2012/6/5/camps.aspx,https://questionnaires.armssoftware.com/91eeff38abfc,https://x.com/rollscotsfb,https://www.lewisvillerecruiting.com/college-search-tool,2026-09-23,https://a.espncdn.com/i/teamlogos/ncaa/500/2405.png,519
monroe-university-new-rochelle-new-york-juco,Monroe University - New Rochelle,JUCO,Northeast JC Football Conference,New Rochelle,New York,https://www.monroeumustangs.com/sports/football/coaches,https://www.monroeumustangs.com/sports/football,https://www.fieldlevel.com/xrwpw7ka/football/recruiting,https://x.com/_monroefootball,https://www.lewisvillerecruiting.com/college-search-tool,2026-09-23,,1331
montana-montana-d1-fcs,Montana,D1-FCS,Big Sky,Missoula,Montana,https://gogriz.com/sports/football/coaches,https://www.montanafootballcamps.com/,https://questionnaires.armssoftware.com/b0fb10cd0c64,https://x.com/MontanaGrizFB,https://www.lewisvillerecruiting.com/college-search-tool,2026-09-23,https://a.espncdn.com/i/teamlogos/ncaa/500/149.png,1152
montana-state-montana-d1-fcs,Montana State,D1-FCS,Big Sky,Bozeman,Montana,https://msubobcats.com/sports/football/coaches,https://www.bobcatbuiltfbcamps.com/,https://questionnaires.armssoftware.com/095d632436ca,https://x.com/msubobcats_fb,https://www.lewisvillerecruiting.com/college-search-tool,2026-09-23,https://a.espncdn.com/i/teamlogos/ncaa/500/147.png,990
montana-state-university-northern-montana-naia,Montana State University - Northern,NAIA,Frontier Conference,Havre,Montana,https://golightsgo.com/sports/football/coaches,https://golightsgo.com/sports/2016/9/27/sport-camps.aspx,https://questionnaires.armssoftware.com/095d632436ca,https://x.com/MSUNLightsFB,https://www.lewisvillerecruiting.com/college-search-tool,2026-09-23,,1086
montana-technological-university-montana-naia,Montana Technological University,NAIA,Frontier Conference,Butte,Montana,https://godiggers.com/sports/football/coaches,https://godiggers.com/sports/2017/2/10/football-camp-initial-page.aspx,https://godiggers.com/sports/football,https://x.com/montechfootball,https://www.lewisvillerecruiting.com/college-search-tool,2026-09-23,,1060
montclair-state-university-new-jersey-d3,Montclair State University,D3,NJAC,Upper Montclair,New Jersey,https://montclairathletics.com/sports/football/coaches,https://montclairathletics.com/sports/2012/3/27/GEN_0327124739.aspx,https://montclairathletics.com/sports/2016/5/24/football-prospective-student-athlete-questionnaire,https://x.com/Montclair_FB,https://www.lewisvillerecruiting.com/college-search-tool,2026-09-23,https://a.espncdn.com/i/teamlogos/ncaa/500/2818.png,1309
monterey-peninsula-college-california-juco,Monterey Peninsula College,JUCO,Golden Coast,Monterey,California,https://athletics.mpc.edu/teams/mens-sports/football/coaching-staff.html,https://athletics.mpc.edu/teams/mens-sports/football/,https://docs.google.com/forms/d/e/1FAIpQLSfLhXW0FaSLHspwwILQJR0OTs_u9bVsscTjT1vqyDiC3Swt7A/viewform?usp=sharing,https://x.com/mpclobofootball,https://www.lewisvillerecruiting.com/college-search-tool,2026-09-23,,1361
moorpark-college-california-juco,Moorpark College,JUCO,Northern,Moorpark,California,https://www.moorparkcollegeathletics.com/sports/fball/coaches/index,https://www.moorparkcollegeathletics.com/sports/fball/index,https://www.fieldlevel.com/a3pc7fgt/football/recruiting,https://x.com/mcraidersfb,https://www.lewisvillerecruiting.com/college-search-tool,2026-09-23,,1213
moravian-university-pennsylvania-d3,Moravian University,D3,Landmark,Bethlehem,Pennsylvania,https://www.moraviansports.com/sports/fball/coaches/index,https://www.moraviansports.com/sports/fball,https://questionnaires.armssoftware.com/3094e27b7332,https://x.com/moravianfb,https://www.lewisvillerecruiting.com/college-search-tool,2026-09-23,https://a.espncdn.com/i/teamlogos/ncaa/500/323.png,1246
morehead-state-kentucky-d1-fcs,Morehead State,D1-FCS,Pioneer,Morehead,Kentucky,https://msueagles.com/sports/football/coaches,https://msueagles.com/sports/football,https://questionnaires.armssoftware.com/622b3bc684e7,https://x.com/MSUEaglesFB,https://www.lewisvillerecruiting.com/college-search-tool,2026-09-23,https://a.espncdn.com/i/teamlogos/ncaa/500/2413.png,794
morehouse-college-georgia-d2,Morehouse College,D2,SIAC,Atlanta,Georgia,https://morehouseathletics.com/staff-directory,https://morehouseathletics.com/sports/football,https://morehouseathletics.com/sb_output.aspx?form=3,https://x.com/morehousefb,https://www.lewisvillerecruiting.com/college-search-tool,2026-09-23,https://a.espncdn.com/i/teamlogos/ncaa/500/60.png,755
morgan-state-maryland-d1-fcs,Morgan State,D1-FCS,MEAC,Baltimore,Maryland,https://morganstatebears.com/sports/football/coaches,https://damonwilsonfootballcamps.totalcamps.com/About%20Us,https://questionnaires.armssoftware.com/1b9177e5d958,https://x.com/MSUBearsFB,https://www.lewisvillerecruiting.com/college-search-tool,2026-09-23,https://a.espncdn.com/i/teamlogos/ncaa/500/2415.png,1169
morningside-university-iowa-naia,Morningside University,NAIA,Great Plains Athletic Conference,Sioux City,Iowa,https://www.msidemustangs.com/football/coaches/index,https://www.mustangfootballcamps.com/,https://www.msidemustangs.com/recruits/index,https://x.com/MsideFootball,https://www.lewisvillerecruiting.com/college-search-tool,2026-09-23,,477
morrisville-state-college-new-york-d3,Morrisville State College,D3,United East,Morrisville,New York,https://morrisvillemustangs.com/staff-directory/football-department/10,https://morrisvillemustangs.com/sports/2019/7/17/information-camps-clinics-index.aspx,https://www.fieldlevel.com/morrisville/football/recruiting,https://x.com/MvilleMustangFB,https://www.lewisvillerecruiting.com/college-search-tool,2026-09-23,,1266
mount-marty-university-south-dakota-naia,Mount Marty University,NAIA,Great Plains Athletic Conference,Yankton,South Dakota,https://mountmartyathletics.com/sports/football/coaches,https://mountmartyathletics.com/sports/2022/11/23/1786_133136905398426962.aspx,https://www.fieldlevel.com/mtmc/football/recruiting,https://x.com/mmulancersfb,https://www.lewisvillerecruiting.com/college-search-tool,2026-09-23,,499
mount-mercy-university-iowa-naia,Mount Mercy University,NAIA,Heart of America Athletic Conference,Cedar Rapids,Iowa,https://mountmercymustangs.com/sports/fball/coaches/index,https://mountmercymustangs.com/sports/fball/index,https://mountmercymustangs.com/sports/fball,https://x.com/MountMercyFB,https://www.lewisvillerecruiting.com/college-search-tool,2026-09-23,,540
mount-st-joseph-university-ohio-d3,Mount St. Joseph University,D3,HCAC,Cincinnati,Ohio,https://msjlions.com/sports/football,https://msjlions.com/sports/2023/3/2/msj-football-camps.aspx,https://msjlions.com/sports/2021/2/17/get-recruited.aspx,https://x.com/msj_fb,https://www.lewisvillerecruiting.com/college-search-tool,2026-09-23,https://a.espncdn.com/i/teamlogos/ncaa/500/2419.png,750
mt-san-antonio-college-california-juco,Mt. San Antonio College,JUCO,SCFA,Walnut,California,https://www.mtsacathletics.com/sports/fball/coaches/index,https://www.mtsacathletics.com/sports/fball/index,https://www.fieldlevel.com/mtsac/football/recruiting,https://x.com/mtsacfootball,https://www.lewisvillerecruiting.com/college-search-tool,2026-09-23,,1160
mt-san-jacinto-college-california-juco,Mt. San Jacinto College,JUCO,Mountain,San Jacinto,California,https://msjc.prestosports.com/sports/fball/coaches/index,https://msjc.prestosports.com/sports/fball/index,https://msjcathletics.com/sports/fball/Recruit_Me,https://x.com/msjcfootball,https://www.lewisvillerecruiting.com/college-search-tool,2026-09-23,,1112
muhlenberg-college-pennsylvania-d3,Muhlenberg College,D3,Centennial,Allentown,Pennsylvania,https://muhlenbergsports.com/sports/football/coaches,https://muhlenbergsports.com/sports/2014/12/22/campsandclinics.aspx,https://muhlenbergsports.com/sports/2014/12/12/FB_1212141424.aspx?path=football,https://x.com/DigInMules,https://www.lewisvillerecruiting.com/college-search-tool,2026-09-23,https://a.espncdn.com/i/teamlogos/ncaa/500/2422.png,1239
murray-state-kentucky-d1-fcs,Murray State,D1-FCS,Missouri Valley,Murray,Kentucky,https://goracers.com/sports/football/coaches,https://goracers.com/sports/2011/4/5/GEN_0405110338,https://www.fieldlevel.com/murraystate/football/recruiting,https://x.com/racersfootball,https://www.lewisvillerecruiting.com/college-search-tool,2026-09-23,https://a.espncdn.com/i/teamlogos/ncaa/500/93.png,515
muskingum-university-ohio-d3,Muskingum University,D3,OAC,New Concord,Ohio,https://www.fightingmuskies.com/sports/fball/coaches/index,https://www.fightingmuskies.com/sports/fball,https://www.fieldlevel.com/muskingum/football/recruiting,https://x.com/muskingumfb,https://www.lewisvillerecruiting.com/college-search-tool,2026-09-23,https://a.espncdn.com/i/teamlogos/ncaa/500/332.png,909
nassau-community-college-new-york-juco,Nassau Community College,JUCO,Northeast JC Football Conference,Garden City,New York,https://nassaulions.com/sports/football/coaches,https://nassaulions.com/sports/football,https://www.fieldlevel.com/6cikkju4/football/recruiting,https://x.com/ncclionsftbl,https://www.lewisvillerecruiting.com/college-search-tool,2026-09-23,,1337
navarro-college-texas-juco,Navarro College,JUCO,SWJCFC,Corsicana,Texas,https://navarrobulldogs.com/sports/football,https://navarrobulldogs.com/sports/2024/2/7/information-camps-clinics-football.aspx,https://navarrobulldogs.com/sports/football,https://x.com/NCDAWGPOUND,https://www.lewisvillerecruiting.com/college-search-tool,2026-09-23,,253
navy-maryland-d1-fbs,Navy,D1-FBS,American,Annapolis,Maryland,https://navysports.com/sports/football/coaches,https://navysports.com/sports/2018/9/25/navy-sports-camps.aspx,https://questionnaires.armssoftware.com/603ee6dadcf8,https://x.com/NavyFB,https://www.lewisvillerecruiting.com/college-search-tool,2026-09-23,https://a.espncdn.com/i/teamlogos/ncaa/500/2426.png,1173
nc-state-north-carolina-d1-fbs,NC State,D1-FBS,ACC,Raleigh,North Carolina,https://gopack.com/sports/football/roster,https://davedoerenfootballcamps.totalcamps.com/About%20Us,https://questionnaires.armssoftware.com/fa5122606469,https://x.com/PackFootball,https://www.lewisvillerecruiting.com/college-search-tool,2026-09-23,https://a.espncdn.com/i/teamlogos/ncaa/500/152.png,1055
nebraska-nebraska-d1-fbs,Nebraska,D1-FBS,Big Ten,Lincoln,Nebraska,https://huskers.com/sports/football/roster,https://www.mattrhulefootballcamps.com/index.cfm?path=football,https://questionnaires.armssoftware.com/d388bb15000c,https://x.com/HuskerFootball,https://www.lewisvillerecruiting.com/college-search-tool,2026-09-23,https://a.espncdn.com/i/teamlogos/ncaa/500/158.png,358
nebraska-wesleyan-university-nebraska-d3,Nebraska Wesleyan University,D3,ARC,Lincoln,Nebraska,https://nwusports.com/sports/football/coaches,https://nwusports.com/sports/2013/10/2/Camps.aspx,https://nwusports.com/sb_output.aspx?frform=6&path=football,https://x.com/NWUFootball,https://www.lewisvillerecruiting.com/college-search-tool,2026-09-23,https://a.espncdn.com/i/teamlogos/ncaa/500/6845.png,358
nelson-university-texas-naia,Nelson University,NAIA,Sooner Athletic Conference,Waxahachie,Texas,https://nelsonlions.com/sports/football,https://nelsonlions.com/sports/football,https://www.fieldlevel.com/nu/softball/recruiting,https://x.com/NelsonUFootball,https://www.lewisvillerecruiting.com/college-search-tool,2026-09-23,,229
nevada-nevada-d1-fbs,Nevada,D1-FBS,Mountain West,Reno,Nevada,https://nevadawolfpack.com/sports/football/roster#sidearm-roster-coaches,https://nevadawolfpack.com/sports/2017/7/21/camps-unv-camps-html.aspx,https://nevadawolfpack.com/sports/football,https://x.com/NevadaFootball,https://www.lewisvillerecruiting.com/college-search-tool,2026-09-23,https://a.espncdn.com/i/teamlogos/ncaa/500/2440.png,1248
new-england-college-new-hampshire-d3,New England College,D3,Conference of New England,Henniker,New Hampshire,https://athletics.nec.edu/sports/football/coaches,https://athletics.nec.edu/sports/football,https://athletics.nec.edu/sports/football,https://x.com/GrimsFootball,https://www.lewisvillerecruiting.com/college-search-tool,2026-09-23,https://a.espncdn.com/i/teamlogos/ncaa/500/111675.png,1458
new-hampshire-new-hampshire-d1-fcs,New Hampshire,D1-FCS,CAA,Durham,New Hampshire,https://unhwildcats.com/sports/football/coaches,https://unhwildcats.com/sports/2015/4/21/GEN_2014010196,https://questionnaires.armssoftware.com/f64276ecad33,https://x.com/UNH_Football,https://www.lewisvillerecruiting.com/college-search-tool,2026-09-23,https://a.espncdn.com/i/teamlogos/ncaa/500/160.png,1501
new-haven-connecticut-d2,New Haven,D2,NE-10,West Haven,Connecticut,https://newhavenchargers.com/sports/football/coaches,https://newhavenchargers.com/sports/football,https://www.fieldlevel.com/newhaven/football/recruiting,https://x.com/UNewHavenFB,https://www.lewisvillerecruiting.com/college-search-tool,2026-09-23,https://a.espncdn.com/i/teamlogos/ncaa/500/2441.png,1377
new-mexico-new-mexico-d1-fbs,New Mexico,D1-FBS,Mountain West,Albuquerque,New Mexico,https://golobos.com/sports/football/roster#staff,https://golobos.com/summer-camps,https://questionnaires.armssoftware.com/fc6335185ee7,https://x.com/UNMLoboFB,https://www.lewisvillerecruiting.com/college-search-tool,2026-09-23,https://a.espncdn.com/i/teamlogos/ncaa/500/167.png,518
new-mexico-highlands-university-new-mexico-d2,New Mexico Highlands University,D2,RMAC,Las Vegas,New Mexico,https://nmhuathletics.com/sports/football,https://nmhuathletics.com/splash.aspx?id=splash_68&path=football,https://questionnaires.armssoftware.com/fc6335185ee7,https://x.com/MNHUFootball,https://www.lewisvillerecruiting.com/college-search-tool,2026-09-23,https://a.espncdn.com/i/teamlogos/ncaa/500/2424.png,435
new-mexico-military-institute-new-mexico-juco,New Mexico Military Institute,JUCO,SWJCFC,Roswell,New Mexico,https://www.nmmiathletics.com/sports/fball/coaches/index,https://www.nmmiathletics.com/sports/fball,https://www.fieldlevel.com/nmmi/football/recruiting,https://x.com/nmmibroncos,https://www.lewisvillerecruiting.com/college-search-tool,2026-09-23,,430
new-mexico-state-new-mexico-d1-fbs,New Mexico State,D1-FBS,C-USA,Las Cruces,New Mexico,https://nmstatesports.com/sports/football/coaches,https://nmstatesports.com/sports/football,https://questionnaires.armssoftware.com/fc6335185ee7,https://x.com/NMStateFootball,https://www.lewisvillerecruiting.com/college-search-tool,2026-09-23,https://a.espncdn.com/i/teamlogos/ncaa/500/166.png,580
newberry-college-south-carolina-d2,Newberry College,D2,SAC,Newberry,South Carolina,https://newberrywolves.com/sports/football/coaches,https://www.newberryfootballcamps.com/,https://www.fieldlevel.com/newberry/football/recruiting,https://x.com/newberry_fb,https://www.lewisvillerecruiting.com/college-search-tool,2026-09-23,https://a.espncdn.com/i/teamlogos/ncaa/500/2444.png,902
nicholls-state-louisiana-d1-fcs,Nicholls State,D1-FCS,Southland,Thibodaux,Louisiana,https://geauxcolonels.com/sports/football/coaches,https://geauxcolonels.com/sports/2013/8/14/GEN_0814135258.aspx,https://geauxcolonels.com/sports/football,https://x.com/Nicholls_FB,https://www.lewisvillerecruiting.com/college-search-tool,2026-09-23,,560
nichols-college-massachusetts-d3,Nichols College,D3,CCC Football,Dudley,Massachusetts,https://nicholsathletics.com/sports/football/roster#sidearm-roster-coaches,https://nicholsathletics.com/sports/football,https://questionnaires.armssoftware.com/0e3e5e3ae126,https://x.com/NicholsBisonFB,https://www.lewisvillerecruiting.com/college-search-tool,2026-09-23,https://a.espncdn.com/i/teamlogos/ncaa/500/2884.png,1438
norfolk-state-virginia-d1-fcs,Norfolk State,D1-FCS,MEAC,Norfolk,Virginia,https://nsuspartans.com/sports/football/coaches,https://nsuspartans.com/sports/football,https://nsuspartans.com/sb_output.aspx?frform=21&path=football&,https://x.com/NorfolkStateFB,https://www.lewisvillerecruiting.com/college-search-tool,2026-09-23,https://a.espncdn.com/i/teamlogos/ncaa/500/2450.png,1181
north-alabama-alabama-d1-fcs,North Alabama,D1-FCS,UAC,Florence,Alabama,https://roarlions.com/sports/football/roster#sidearm-roster-coaches,https://brentdearmonfootballcamps.totalcamps.com/About%20Us,https://questionnaires.armssoftware.com/d7c8f686a62c,https://x.com/UNAFootball,https://www.lewisvillerecruiting.com/college-search-tool,2026-09-23,https://a.espncdn.com/i/teamlogos/ncaa/500/2453.png,556
north-carolina-north-carolina-d1-fbs,North Carolina,D1-FBS,ACC,Chapel Hill,North Carolina,https://goheels.com/sports/football/coaches,https://goheels.com/sports/2018/3/28/camps-page,https://goheels.com/sports/football,https://x.com/UNCFootball,https://www.lewisvillerecruiting.com/college-search-tool,2026-09-23,https://a.espncdn.com/i/teamlogos/ncaa/500/153.png,1031
north-carolina-a-t-north-carolina-d1-fcs,North Carolina A&T,D1-FCS,CAA,Greensboro,North Carolina,https://ncataggies.com/sports/football/coaches,https://www.ncataggiescamps.com/,https://questionnaires.armssoftware.com/bfd9d47b9e79?path=football,https://x.com/ncatfootball,https://www.lewisvillerecruiting.com/college-search-tool,2026-09-23,https://a.espncdn.com/i/teamlogos/ncaa/500/2448.png,989
north-carolina-central-north-carolina-d1-fcs,North Carolina Central,D1-FCS,MEAC,Durham,North Carolina,https://nccueaglepride.com/sports/football/coaches,https://nccueaglepride.com/sports/football,https://questionnaires.armssoftware.com/cda76fdd40a8,https://x.com/nccu_football,https://www.lewisvillerecruiting.com/college-search-tool,2026-09-23,https://a.espncdn.com/i/teamlogos/ncaa/500/2428.png,1040
north-carolina-wesleyan-university-north-carolina-d3,North Carolina Wesleyan University,D3,USA South,Rocky Mount,North Carolina,https://ncwsports.com/sports/football/coaches,https://ncwesleyan.prestosports.com/summer_camps/football/index,https://www.fieldlevel.com/ncwc/football/recruiting,https://x.com/ncwesleyanfb,https://www.lewisvillerecruiting.com/college-search-tool,2026-09-23,https://a.espncdn.com/i/teamlogos/ncaa/500/286.png,1102
north-central-college-illinois-d3,North Central College,D3,CCIW,Naperville,Illinois,https://northcentralcardinals.com/sports/football/coaches,https://northcentralcardinals.com/sports/football,https://northcentralcardinals.com/sports/football,https://x.com/football_ncc,https://www.lewisvillerecruiting.com/college-search-tool,2026-09-23,https://a.espncdn.com/i/teamlogos/ncaa/500/3071.png,657
north-dakota-north-dakota-d1-fcs,North Dakota,D1-FCS,Missouri Valley,Grand Forks,North Dakota,https://fightinghawks.com/sports/football/coaches,https://fightinghawks.com/sports/2023/12/12/camps-and-clinics.aspx,https://fightinghawks.com/sports/football,https://x.com/UNDfootball,https://www.lewisvillerecruiting.com/college-search-tool,2026-09-23,https://a.espncdn.com/i/teamlogos/ncaa/500/155.png,848
north-dakota-state-north-dakota-d1-fbs,North Dakota State,D1-FBS,Mountain West,Fargo,North Dakota,https://gobison.com/sports/football/coaches,https://www.ndsufootballcamps.com/,https://questionnaires.armssoftware.com/8f1dc9c11e14,https://x.com/ndsufootball,https://www.lewisvillerecruiting.com/college-search-tool,2026-09-23,https://a.espncdn.com/i/teamlogos/ncaa/500/2449.png,776
north-dakota-state-college-of-science-north-dakota-juco,North Dakota State College of Science,JUCO,Minnesota College Athletic Conference,Wahpeton,North Dakota,https://www.ndscswildcats.com/sports/fball/coaches/index,https://www.ndscswildcats.com/sports/fball,https://www.ndscswildcats.com/sports/fball,https://x.com/ndscsfb,https://www.lewisvillerecruiting.com/college-search-tool,2026-09-23,,735
north-greenville-university-south-carolina-d2,North Greenville University,D2,Conference Carolinas,Tigerville,South Carolina,http://www.nguathletics.com/sports/football/coaches,https://nguathletics.com/sports/football,http://www.nguathletics.com/sports/football,https://x.com/NGUFootball1,https://www.lewisvillerecruiting.com/college-search-tool,2026-09-23,https://a.espncdn.com/i/teamlogos/ncaa/500/2822.png,852
north-park-university-illinois-d3,North Park University,D3,CCIW,Chicago,Illinois,https://athletics.northpark.edu/sports/football/coaches,https://www.northparkfootballcamps.com/,https://athletics.northpark.edu/sports/2014/10/17/FB_1017145005.aspx?tab=football&path=football,https://x.com/NPUFootball,https://www.lewisvillerecruiting.com/college-search-tool,2026-09-23,https://a.espncdn.com/i/teamlogos/ncaa/500/75.png,680
north-texas-texas-d1-fbs,North Texas,D1-FBS,American,Denton,Texas,https://meangreensports.com/sports/football/coaches,https://www.nealbrownfootballcamps.com/,https://www.fieldlevel.com/x3j2mu76/football/recruiting,https://x.com/MeanGreenFB,https://www.lewisvillerecruiting.com/college-search-tool,2026-09-23,https://a.espncdn.com/i/teamlogos/ncaa/500/249.png,170
northeast-mississippi-community-college-mississippi-juco,Northeast Mississippi Community College,JUCO,MACCC,Booneville,Mississippi,https://www.nemccathletics.com/sports/fball/coaches/index,https://www.nemccathletics.com/sports/fball,https://www.nemccathletics.com/sports/fball,https://x.com/NEMCCTigers,https://www.lewisvillerecruiting.com/college-search-tool,2026-09-23,,508
northeastern-oklahoma-a-m-college-oklahoma-juco,Northeastern Oklahoma A&M College,JUCO,SWJCFC,Miami,Oklahoma,https://neoathletics.com/sports/football/coaches,https://neoathletics.com/sports/football,https://www.fieldlevel.com/neo/football/recruiting,https://x.com/norsemen_fb,https://www.lewisvillerecruiting.com/college-search-tool,2026-09-23,,168
northeastern-state-university-oklahoma-d2,Northeastern State University,D2,MIAA,Tahlequah,Oklahoma,https://goriverhawksgo.com/sports/football,https://www.riverhawksfootballcamps.com/,https://www.fieldlevel.com/nsuok/football/recruiting,https://x.com/nsu_football,https://www.lewisvillerecruiting.com/college-search-tool,2026-09-23,https://a.espncdn.com/i/teamlogos/ncaa/500/196.png,142
northern-arizona-arizona-d1-fcs,Northern Arizona,D1-FCS,Big Sky,Flagstaff,Arizona,https://nauathletics.com/sports/football/coaches,https://nauathletics.com/sports/football,https://www.fieldlevel.com/nau/football/recruiting,https://x.com/NAU_Football,https://www.lewisvillerecruiting.com/college-search-tool,2026-09-23,https://a.espncdn.com/i/teamlogos/ncaa/500/2464.png,798
northern-colorado-colorado-d1-fcs,Northern Colorado,D1-FCS,Big Sky,Greeley,Colorado,https://uncbears.com/sports/football/coaches,https://www.northerncoloradofootballcamps.com/,https://www.fieldlevel.com/unco/football/recruiting,https://x.com/UNC_BearsFB,https://www.lewisvillerecruiting.com/college-search-tool,2026-09-23,https://a.espncdn.com/i/teamlogos/ncaa/500/2458.png,513
northern-illinois-illinois-d1-fbs,Northern Illinois,D1-FBS,Mountain West,DeKalb,Illinois,https://niuhuskies.com/sports/football/coaches,https://niufootballcamps.totalcamps.com/About%20Us,https://www.fieldlevel.com/niu/football/recruiting,https://x.com/NIU_Football,https://www.lewisvillerecruiting.com/college-search-tool,2026-09-23,https://a.espncdn.com/i/teamlogos/ncaa/500/2459.png,639
northern-iowa-iowa-d1-fcs,Northern Iowa,D1-FCS,Missouri Valley,Cedar Falls,Iowa,https://unipanthers.com/sports/football/coaches,https://unipanthers.com/sports/football,https://unipanthers.com/sports/football,https://x.com/UNIFootball,https://www.lewisvillerecruiting.com/college-search-tool,2026-09-23,https://a.espncdn.com/i/teamlogos/ncaa/500/2460.png,546
northern-michigan-university-michigan-d2,Northern Michigan University,D2,GLIAC,Marquette,Michigan,https://nmuwildcats.com/sports/football/roster?path=football#sidearm-roster-coaches,https://nmuwildcats.com/sports/2021/8/16/camps.aspx,https://questionnaires.armssoftware.com/2b11e532b55b,https://x.com/NMU_Football,https://www.lewisvillerecruiting.com/college-search-tool,2026-09-23,https://a.espncdn.com/i/teamlogos/ncaa/500/128.png,916
northern-state-university-south-dakota-d2,Northern State University,D2,NSIC,Aberdeen,South Dakota,https://nsuwolves.com/sports/football/coaches,https://www.northernstatefootballcamps.com/index.cfm,https://nsuwolves.com/sports/football,https://x.com/NSUWolves_FB,https://www.lewisvillerecruiting.com/college-search-tool,2026-09-23,,680
northwest-mississippi-community-college-mississippi-juco,Northwest Mississippi Community College,JUCO,MACCC,Senatobia,Mississippi,https://nwccrangers.com/sports/football/coaches,https://nwccrangers.com/sports/football,https://nwccrangers.com/sports/football,https://x.com/nwcc_football,https://www.lewisvillerecruiting.com/college-search-tool,2026-09-23,,430
northwest-missouri-state-university-missouri-d2,Northwest Missouri State University,D2,MIAA,Maryville,Missouri,https://bearcatsports.com/sports/football/coaches,https://bearcatsports.com/sports/football,https://questionnaires.armssoftware.com/4accd58555be,https://x.com/nwbearcat_fb,https://www.lewisvillerecruiting.com/college-search-tool,2026-09-23,https://a.espncdn.com/i/teamlogos/ncaa/500/138.png,354
northwestern-illinois-d1-fbs,Northwestern,D1-FBS,Big Ten,Evanston,Illinois,https://nusports.com/sports/football/roster#coaches,https://www.davidbraunfootballcamps.com/,https://questionnaires.armssoftware.com/be4d150daff0,https://x.com/NUFBFamily,https://www.lewisvillerecruiting.com/college-search-tool,2026-09-23,https://a.espncdn.com/i/teamlogos/ncaa/500/77.png,686
northwestern-college-iowa-iowa-naia,Northwestern College - Iowa,NAIA,Great Plains Athletic Conference,Orange City,Iowa,https://nwcraiders.com/sports/football/coaches,https://nwcraiders.com/sports/2021/2/15/northwestern-sports-camps.aspx,https://questionnaires.armssoftware.com/67cf6d4944fe,https://x.com/nwc_fb,https://www.lewisvillerecruiting.com/college-search-tool,2026-09-23,,514
northwestern-oklahoma-state-university-oklahoma-d2,Northwestern Oklahoma State University,D2,GAC,Alva,Oklahoma,https://riderangersride.com/sports/football/roster/2022#sidearm-roster-coaches,https://www.nwosufootballcamps.com/,https://riderangersride.com/sb_output.aspx?frform=7,https://x.com/nwosufootball,https://www.lewisvillerecruiting.com/college-search-tool,2026-09-23,,104
northwestern-state-louisiana-d1-fcs,Northwestern State,D1-FCS,Southland,Natchitoches,Louisiana,https://nsudemons.com/sports/football/coaches,https://www.demonelitefootballcamps.com/,https://nsudemons.com/sports/football,https://x.com/nsudemonsfb,https://www.lewisvillerecruiting.com/college-search-tool,2026-09-23,https://a.espncdn.com/i/teamlogos/ncaa/500/2466.png,369
northwood-university-michigan-michigan-d2,Northwood University - Michigan,D2,GMAC,Midland,Michigan,https://www.gonorthwood.com/sports/fball/coaches/index,https://northwoodfootballcamps.totalcamps.com/About%20Us,https://www.fieldlevel.com/northwoodmich/football/recruiting,https://x.com/Northwoodfball,https://www.lewisvillerecruiting.com/college-search-tool,2026-09-23,,892
norwich-university-vermont-d3,Norwich University,D3,NEWMAC,Northfield,Vermont,https://norwichathletics.com/sports/football/coaches,https://norwichathletics.com/sports/football,https://www.fieldlevel.com/norwich/football/recruiting,https://x.com/NorwichFB,https://www.lewisvillerecruiting.com/college-search-tool,2026-09-23,https://a.espncdn.com/i/teamlogos/ncaa/500/2467.png,1433
notre-dame-indiana-d1-fbs,Notre Dame,D1-FBS,Independent,South Bend,Indiana,https://fightingirish.com/sports/football/roster,https://fightingirish.com/camps-home/football-camps,https://fightingirish.com/sports/football,https://x.com/NDFootball,https://www.lewisvillerecruiting.com/college-search-tool,2026-09-23,https://a.espncdn.com/i/teamlogos/ncaa/500/87.png,734
oberlin-college-ohio-d3,Oberlin College,D3,NCAC,Oberlin,Ohio,https://goyeo.com/sports/football/coaches,https://goyeo.com/sports/football,https://goyeo.com/sb_output.aspx?frform=15&path=football,https://x.com/Yeo_Football,https://www.lewisvillerecruiting.com/college-search-tool,2026-09-23,https://a.espncdn.com/i/teamlogos/ncaa/500/391.png,911
ohio-ohio-d1-fbs,Ohio,D1-FBS,MAC,Athens,Ohio,https://ohiobobcats.com/sports/football/coaches,https://go.active.com/?c=active&e=snlvcmpscui00001load&t=https%3A%2F%2Fcampscui.active.com%2Forgs%2FOhioUniversity0%3Forglink%3Dcamps-registration,https://questionnaires.armssoftware.com/233a2d93ee59,https://x.com/OhioFootball,https://www.lewisvillerecruiting.com/college-search-tool,2026-09-23,https://a.espncdn.com/i/teamlogos/ncaa/500/195.png,879
ohio-dominican-university-ohio-d2,Ohio Dominican University,D2,GMAC,Columbus,Ohio,https://ohiodominicanpanthers.com/sports/football/coaches,https://ohiodominicanpanthers.com/sports/2023/3/2/information-camps.aspx,https://www.fieldlevel.com/ohiodominican/football/recruiting,https://x.com/ohiodominicanfb,https://www.lewisvillerecruiting.com/college-search-tool,2026-09-23,https://a.espncdn.com/i/teamlogos/ncaa/500/2477.png,843
ohio-northern-university-ohio-d3,Ohio Northern University,D3,OAC,Ada,Ohio,https://www.onusports.com/sports/fball/coaches/index,https://www.onusports.com/sports/fball,https://questionnaires.armssoftware.com/c6444a95eb41,https://x.com/OhioNorthernFB,https://www.lewisvillerecruiting.com/college-search-tool,2026-09-23,https://a.espncdn.com/i/teamlogos/ncaa/500/427.png,820
ohio-state-ohio-d1-fbs,Ohio State,D1-FBS,Big Ten,Columbus,Ohio,https://ohiostatebuckeyes.com/sports/football/coaches/2023-24,https://ohiostatebuckeyes.com/sports/2018/5/30/football-camps-clinics,https://www.fieldlevel.com/7cwan776/football/recruiting,https://x.com/OhioStateFB,https://www.lewisvillerecruiting.com/college-search-tool,2026-09-23,https://a.espncdn.com/i/teamlogos/ncaa/500/194.png,843
ohio-wesleyan-university-ohio-d3,Ohio Wesleyan University,D3,NCAC,Delaware,Ohio,https://battlingbishops.com/sports/football/coaches,https://battlingbishops.com/sports/2026/1/5/camps-clinics.aspx,https://battlingbishops.com/sb_output.aspx?frform=5&path=football&,https://x.com/OWUBishopFB,https://www.lewisvillerecruiting.com/college-search-tool,2026-09-23,https://a.espncdn.com/i/teamlogos/ncaa/500/2980.png,847
oklahoma-oklahoma-d1-fbs,Oklahoma,D1-FBS,SEC,Norman,Oklahoma,https://soonersports.com/sports/football/coaches,https://soonersports.com/sports/football,https://questionnaires.armssoftware.com/4e64987dd835,https://x.com/OU_Football,https://www.lewisvillerecruiting.com/college-search-tool,2026-09-23,https://a.espncdn.com/i/teamlogos/ncaa/500/201.png,30
oklahoma-baptist-university-oklahoma-d2,Oklahoma Baptist University,D2,GAC,Shawnee,Oklahoma,https://obubison.com/staff-directory,https://obubison.com/sports/2015/5/13/camps.aspx,https://questionnaires.armssoftware.com/9abd093a59d1,https://x.com/obu_football,https://www.lewisvillerecruiting.com/college-search-tool,2026-09-23,https://a.espncdn.com/i/teamlogos/ncaa/500/319.png,38
oklahoma-panhandle-state-university-oklahoma-naia,Oklahoma Panhandle State University,NAIA,Sooner Athletic Conference,Goodwell,Oklahoma,https://opsuaggies.com/sports/football/roster#sidearm-roster-coaches,https://opsuaggies.com/sports/football,https://opsuaggies.com/sports/football,https://x.com/opsufootball,https://www.lewisvillerecruiting.com/college-search-tool,2026-09-23,,241
oklahoma-state-oklahoma-d1-fbs,Oklahoma State,D1-FBS,Big 12,Stillwater,Oklahoma,https://okstate.com/sports/football/coaches,https://okstate.com/sports/2015/10/21/FB_1021152521,https://questionnaires.armssoftware.com/6b59d5845a8c,https://x.com/CowboyFB,https://www.lewisvillerecruiting.com/college-search-tool,2026-09-23,https://a.espncdn.com/i/teamlogos/ncaa/500/197.png,40
old-dominion-virginia-d1-fbs,Old Dominion,D1-FBS,Sun Belt,Norfolk,Virginia,https://odusports.com/sports/football/roster,https://odusports.com/sports/football,https://www.fieldlevel.com/odu/football/recruiting,https://x.com/ODUFootball,https://www.lewisvillerecruiting.com/college-search-tool,2026-09-23,https://a.espncdn.com/i/teamlogos/ncaa/500/295.png,1181
ole-miss-mississippi-d1-fbs,Ole Miss,D1-FBS,SEC,Oxford,Mississippi,https://olemisssports.com/sports/football/coaches,https://football.olemisssportscamps.com/,https://questionnaires.armssoftware.com/8714178713d4,https://x.com/OleMissFB,https://www.lewisvillerecruiting.com/college-search-tool,2026-09-23,https://a.espncdn.com/i/teamlogos/ncaa/500/145.png,459
olivet-nazarene-university-illinois-naia,Olivet Nazarene University,NAIA,CCAC,Bourbonnais,Illinois,https://www.onutigers.com/sports/fball/coaches/index,https://www.onutigers.com/sports/fball,https://www.onutigers.com/sports/fball,https://x.com/ONAZFootball,https://www.lewisvillerecruiting.com/college-search-tool,2026-09-23,,643
orange-coast-college-california-juco,Orange Coast College,JUCO,Southern,Costa Mesa,California,https://www.occpirateathletics.com/sports/fball/coaches/index,https://www.occpirateathletics.com/sports/fball/index,https://www.occpirateathletics.com/sports/fball,https://x.com/coastfball,https://www.lewisvillerecruiting.com/college-search-tool,2026-09-23,,1168
oregon-oregon-d1-fbs,Oregon,D1-FBS,Big Ten,Eugene,Oregon,https://goducks.com/sports/football/coaches,https://www.oregonfootballcamps.com/,https://college.jumpforward.com/questionnaire.aspx?iid=510&sportid=18,https://x.com/oregonfootball,https://www.lewisvillerecruiting.com/college-search-tool,2026-09-23,https://a.espncdn.com/i/teamlogos/ncaa/500/2483.png,1469
oregon-state-oregon-d1-fbs,Oregon State,D1-FBS,Pac-12,Corvallis,Oregon,https://osubeavers.com/sports/football/coaches,https://osubeavers.com/sports/2023/2/11/oregon-state-athletics-camps,https://osubeavers.com/sports/football,https://x.com/BeaverFootball,https://www.lewisvillerecruiting.com/college-search-tool,2026-09-23,https://a.espncdn.com/i/teamlogos/ncaa/500/204.png,1487
ottawa-university-kansas-naia,Ottawa University,NAIA,Kansas Collegiate Athletic Conference,Ottawa,Kansas,https://ottawabraves.com/sports/football/coaches,https://ottawabraves.com/sports/football,https://ottawabraves.com/sports/football,https://x.com/ottawabravesfb,https://www.lewisvillerecruiting.com/college-search-tool,2026-09-23,,238
ottawa-university-surprise-arizona-naia,Ottawa University-Surprise,NAIA,GSAC,Surprise,Arizona,https://ouazspirit.com/sports/football/roster#sidearm-roster-coaches,https://ouazspirit.com/sports/football,https://ouazspirit.com/sports/football,https://x.com/ouazfootball,https://www.lewisvillerecruiting.com/college-search-tool,2026-09-23,,855
otterbein-university-ohio-d3,Otterbein University,D3,OAC,Westerville,Ohio,https://otterbeincardinals.com/sports/football/coaches,https://otterbeincardinals.com/sports/2010/8/3/Gen_0803102933.aspx?id=48,https://www.fieldlevel.com/otterbein/football/recruiting,https://x.com/ott_football,https://www.lewisvillerecruiting.com/college-search-tool,2026-09-23,https://a.espncdn.com/i/teamlogos/ncaa/500/359.png,850
ouachita-baptist-university-arkansas-d2,Ouachita Baptist University,D2,GAC,Arkadelphia,Arkansas,https://obutigers.com/sports/football/coaches,https://www.ouachitatigerfootballcamps.com/,https://www.fieldlevel.com/obu/football/recruiting,https://x.com/ouachitafb,https://www.lewisvillerecruiting.com/college-search-tool,2026-09-23,https://a.espncdn.com/i/teamlogos/ncaa/500/2888.png,272
pace-university-new-york-d2,Pace University,D2,NE-10,Pleasantville,New York,https://paceuathletics.com/sports/football/coaches,https://paceuathletics.com/sports/football,https://paceuathletics.com/sports/football,https://x.com/PaceUFootball,https://www.lewisvillerecruiting.com/college-search-tool,2026-09-23,https://a.espncdn.com/i/teamlogos/ncaa/500/2487.png,1333
pacific-lutheran-university-washington-d3,Pacific Lutheran University,D3,NWC,Tacoma,Washington,https://golutes.com/sports/football/coaches,https://pacificlutheranfootballcamps.totalcamps.com/About%20Us,https://golutes.com/sports/2018/5/31/football-recruiting-questionnaire.aspx,https://x.com/PLUFootball,https://www.lewisvillerecruiting.com/college-search-tool,2026-09-23,https://a.espncdn.com/i/teamlogos/ncaa/500/2486.png,1511
pacific-university-oregon-d3,Pacific University,D3,NWC,Forest Grove,Oregon,https://goboxers.com/sports/football/coaches,http://boxerfootballcamps.com/index.php,https://goboxers.com/sports/2017/5/24/become-a-boxer,https://x.com/boxer_football,https://www.lewisvillerecruiting.com/college-search-tool,2026-09-23,,1499
palomar-college-california-juco,Palomar College,JUCO,Southern,San Marcos,California,https://palomar.prestosports.com/sports/fball/coaches/index,https://palomar.prestosports.com/sports/fball/index,https://palomar.prestosports.com/information/join-the-palomar-team,https://x.com/palomarfootball,https://www.lewisvillerecruiting.com/college-search-tool,2026-09-23,,1134
pasadena-city-college-california-juco,Pasadena City College,JUCO,Metro,Pasadena,California,https://pcclancers.com/sports/fball/coaches/index,https://pcclancers.com/sports/fball/index,https://pcclancers.com/sports/fball,https://x.com/PCCLancerFB,https://www.lewisvillerecruiting.com/college-search-tool,2026-09-23,,1174
pearl-river-community-college-mississippi-juco,Pearl River Community College,JUCO,MACCC,Poplarville,Mississippi,https://www.prccathletics.com/sports/fball/coaches/index,https://www.prccathletics.com/sports/fball,https://www.fieldlevel.com/jggfh6pf/football/recruiting,https://x.com/pearlriverfb,https://www.lewisvillerecruiting.com/college-search-tool,2026-09-23,,566
penn-pennsylvania-d1-fcs,Penn,D1-FCS,Ivy,Philadelphia,Pennsylvania,https://pennathletics.com/sports/football/coaches,https://pennathletics.com/sports/football,https://questionnaires.armssoftware.com/a8e4bf5dd078?path=football,https://x.com/PENNfb,https://www.lewisvillerecruiting.com/college-search-tool,2026-09-23,https://a.espncdn.com/i/teamlogos/ncaa/500/219.png,1250
penn-state-pennsylvania-d1-fbs,Penn State,D1-FBS,Big Ten,University Park,Pennsylvania,https://gopsusports.com/sports/football/roster#coaches,https://gopsusports.com/football-camps,https://gopsusports.com/sports/football,https://x.com/PennStateFball,https://www.lewisvillerecruiting.com/college-search-tool,2026-09-23,https://a.espncdn.com/i/teamlogos/ncaa/500/213.png,1120
peru-state-college-nebraska-naia,Peru State College,NAIA,Heart of America Athletic Conference,Peru,Nebraska,https://pscbobcats.com/sports/football/coaches,https://football.perustatecamps.com/,https://www.fieldlevel.com/peru/football/recruiting,https://x.com/pscfootball,https://www.lewisvillerecruiting.com/college-search-tool,2026-09-23,,346
pierce-college-los-angeles-california-juco,Pierce College - Los Angeles,JUCO,Pacific,Woodland Hills,California,https://lapcbrahmas.com/sports/fball/coaches/index,https://lapcbrahmas.com/sports/fball/index,https://www.fieldlevel.com/ex3h6meq/football/recruiting,https://x.com/lapiercefb,https://www.lewisvillerecruiting.com/college-search-tool,2026-09-23,,1199
pittsburg-state-university-kansas-d2,Pittsburg State University,D2,MIAA,Pittsburg,Kansas,https://pittstategorillas.com/sports/football/coaches,https://www.tomanthonyfootballcamps.com/,https://pittstategorillas.com/sports/football,https://x.com/gorillasfb,https://www.lewisvillerecruiting.com/college-search-tool,2026-09-23,https://a.espncdn.com/i/teamlogos/ncaa/500/90.png,196
pittsburgh-pennsylvania-d1-fbs,Pittsburgh,D1-FBS,ACC,Pittsburgh,Pennsylvania,https://pittsburghpanthers.com/sports/football/coaches,https://www.pittfootballcamps.com/,https://questionnaires.armssoftware.com/b0c551579d60,https://x.com/Pitt_FB,https://www.lewisvillerecruiting.com/college-search-tool,2026-09-23,https://a.espncdn.com/i/teamlogos/ncaa/500/221.png,1005
plymouth-state-university-new-hampshire-d3,Plymouth State University,D3,LEC,Plymouth,New Hampshire,https://athletics.plymouth.edu/sports/football/coaches?path=football,https://athletics.plymouth.edu/sports/2020/7/14/information-Youth-Camps-index.aspx,https://athletics.plymouth.edu/sports/2020/8/6/football-front-rush-recruit-form.aspx,https://x.com/psupanthersfb,https://www.lewisvillerecruiting.com/college-search-tool,2026-09-23,https://a.espncdn.com/i/teamlogos/ncaa/500/2972.png,1473
point-university-georgia-naia,Point University,NAIA,AAC,West Point,Georgia,https://skyhawkathletics.com/sports/fball/coaches/index,https://skyhawkathletics.com/sports/fball/index,https://questionnaires.armssoftware.com/ead654500ffd,https://x.com/pointfootball,https://www.lewisvillerecruiting.com/college-search-tool,2026-09-23,,727
pomona-pitzer-colleges-california-d3,Pomona-Pitzer Colleges,D3,SCIAC,Claremont,California,https://sagehens.com/sports/football/coaches,https://sagehens.com/sports/2023/8/10/2025-sagehen-football-summer-camp.aspx,https://sagehens.com/sports/football,https://x.com/hensfootball,https://www.lewisvillerecruiting.com/college-search-tool,2026-09-23,,1150
portland-state-oregon-d1-fcs,Portland State,D1-FCS,Big Sky,Portland,Oregon,https://goviks.com/sports/football/coaches,https://goviks.com/sports/football,https://goviks.com/sports/football,https://x.com/psuviksfb,https://www.lewisvillerecruiting.com/college-search-tool,2026-09-23,https://a.espncdn.com/i/teamlogos/ncaa/500/2502.png,1479
post-university-connecticut-d2,Post University,D2,CACC,Waterbury,Connecticut,https://posteagles.com/sports/fball/roster#sidearm-roster-coaches,https://posteagles.com/sports/fball?path=fball,https://www.fieldlevel.com/post/football/recruiting,https://x.com/post_fb,https://www.lewisvillerecruiting.com/college-search-tool,2026-09-23,https://a.espncdn.com/i/teamlogos/ncaa/500/126086.png,1375
prairie-view-a-m-texas-d1-fcs,Prairie View A&M,D1-FCS,SWAC,Prairie View,Texas,https://pvpanthers.com/sports/football/coaches/2023-24,https://pvpanthers.com/sports/football,https://questionnaires.armssoftware.com/80bca4175ea6,https://x.com/pvamufb_,https://www.lewisvillerecruiting.com/college-search-tool,2026-09-23,https://a.espncdn.com/i/teamlogos/ncaa/500/2504.png,394
presbyterian-south-carolina-d1-fcs,Presbyterian,D1-FCS,Big South,Clinton,South Carolina,https://gobluehose.com/sports/football/coaches,https://presbyfootballcamps.totalcamps.com/Content/32608,https://questionnaires.armssoftware.com/5c3fdd452d5d,https://x.com/BlueHoseFB,https://www.lewisvillerecruiting.com/college-search-tool,2026-09-23,https://a.espncdn.com/i/teamlogos/ncaa/500/2506.png,885
princeton-new-jersey-d1-fcs,Princeton,D1-FCS,Ivy,Princeton,New Jersey,https://goprincetontigers.com/sports/football/coaches,http://www.princetonsportscamps.com/camps/football.htm,https://questionnaires.armssoftware.com/ac5d82ae1b64,https://x.com/PrincetonFTBL,https://www.lewisvillerecruiting.com/college-search-tool,2026-09-23,https://a.espncdn.com/i/teamlogos/ncaa/500/163.png,1280
purdue-indiana-d1-fbs,Purdue,D1-FBS,Big Ten,West Lafayette,Indiana,https://purduesports.com/sports/football,https://www.purduefootballcamps.com/,https://purduesports.com/sports/football,https://x.com/BoilerFootball,https://www.lewisvillerecruiting.com/college-search-tool,2026-09-23,https://a.espncdn.com/i/teamlogos/ncaa/500/2509.png,662
quincy-university-illinois-d2,Quincy University,D2,GLVC,Quincy,Illinois,https://quhawks.com/sports/football/coaches,https://www.quincyfootballcamps.com/,https://questionnaires.armssoftware.com/379684e85d6a,https://x.com/QUHawksFootball,https://www.lewisvillerecruiting.com/college-search-tool,2026-09-23,https://a.espncdn.com/i/teamlogos/ncaa/500/2825.png,444
randolph-macon-college-virginia-d3,Randolph-Macon College,D3,ODAC,Ashland,Virginia,https://rmcathletics.com/sports/football/coaches,https://www.rmcfootballcamps.com/,https://www.fieldlevel.com/rmc/football/recruiting,https://x.com/RMCfootball,https://www.lewisvillerecruiting.com/college-search-tool,2026-09-23,https://a.espncdn.com/i/teamlogos/ncaa/500/2516.png,1115
reedley-college-california-juco,Reedley College,JUCO,Golden Coast,Reedley,California,https://www.rctigers.com/sports/fball/coaches/index,https://www.rctigers.com/sports/fball/index,https://www.rctigers.com/sports/fball,https://x.com/ReedleyCFB,https://www.lewisvillerecruiting.com/college-search-tool,2026-09-23,,1225
reinhardt-university-georgia-naia,Reinhardt University,NAIA,AAC,Waleska,Georgia,https://reinhardteagles.com/sports/fball/2024-25/roster#coaching-staff,https://reinhardteagles.com/sports/fball,https://www.fieldlevel.com/reinhardt/football/recruiting,https://x.com/ReinhardtFB,https://www.lewisvillerecruiting.com/college-search-tool,2026-09-23,,737
rensselaer-polytechnic-institute-rpi-new-york-d3,Rensselaer Polytechnic Institute - RPI,D3,Liberty,Troy,New York,https://rpiathletics.com/sports/football/coaches,https://rpiathletics.com/sports/football,https://questionnaires.armssoftware.com/e23cea564fb8?path=football,https://x.com/rpifootball,https://www.lewisvillerecruiting.com/college-search-tool,2026-09-23,,1359
rhode-island-rhode-island-d1-fcs,Rhode Island,D1-FCS,CAA,Kingston,Rhode Island,https://gorhody.com/sports/football/roster?path=football#sidearm-roster-coaches,https://rhodeislandfootball.totalcamps.com/About%20Us,https://questionnaires.armssoftware.com/cfa3d431c131,https://x.com/RhodyFootball,https://www.lewisvillerecruiting.com/college-search-tool,2026-09-23,https://a.espncdn.com/i/teamlogos/ncaa/500/227.png,1453
rhodes-college-tennessee-d3,Rhodes College,D3,SAA,Memphis,Tennessee,https://rhodeslynx.com/sports/football/coaches,https://rhodesfootball.totalcamps.com/About%20Us,https://rhodeslynx.com/sports/football,https://x.com/rhodesfootball,https://www.lewisvillerecruiting.com/college-search-tool,2026-09-23,https://a.espncdn.com/i/teamlogos/ncaa/500/2519.png,420
rice-texas-d1-fbs,Rice,D1-FBS,American,Houston,Texas,https://riceowls.com/sports/football/coaches,https://scottabellfootballcamps.totalcamps.com/,https://riceowls.com/sports/football,https://x.com/RiceFootball,https://www.lewisvillerecruiting.com/college-search-tool,2026-09-23,https://a.espncdn.com/i/teamlogos/ncaa/500/242.png,425
richmond-virginia-d1-fcs,Richmond,D1-FCS,Patriot,Richmond,Virginia,https://richmondspiders.com/sports/football/coaches,https://richmondspidersfootballcamps.totalcamps.com/About%20Us,https://questionnaires.armssoftware.com/c696c61f350e,https://x.com/Spiders_FB,https://www.lewisvillerecruiting.com/college-search-tool,2026-09-23,https://a.espncdn.com/i/teamlogos/ncaa/500/257.png,1116
ripon-college-wisconsin-d3,Ripon College,D3,MWC,Ripon,Wisconsin,https://riponredhawks.com/sports/football,https://riponredhawks.com/sports/2023/4/4/prospect-camp.aspx,https://riponredhawks.com/sb_output.aspx?frform=9&path=football,https://x.com/riponredhawkfb,https://www.lewisvillerecruiting.com/college-search-tool,2026-09-23,https://a.espncdn.com/i/teamlogos/ncaa/500/2891.png,728
riverside-city-college-california-juco,Riverside City College,JUCO,Central,Riverside,California,https://www.rccathletics.com/sports/fball/coaches/index,https://www.rccathletics.com/sports/fball/index,https://www.fieldlevel.com/rcc/football/recruiting,https://x.com/rcctigerfb,https://www.lewisvillerecruiting.com/college-search-tool,2026-09-23,,1134
roanoke-college-virginia-d3,Roanoke College,D3,ODAC,Salem,Virginia,https://roanokemaroons.com/staff-directory/football-department/36,https://roanokemaroons.com/sports/football,https://roanokemaroons.com/sports/2023/12/20/football-recruiting-form.aspx,https://x.com/RoanokeFB,https://www.lewisvillerecruiting.com/college-search-tool,2026-09-23,,973
robert-morris-pennsylvania-d1-fcs,Robert Morris,D1-FCS,NEC,Moon Township,Pennsylvania,https://rmucolonials.com/sports/football/coaches,https://robertmorrisfootballcamps.totalcamps.com/About%20Us,https://questionnaires.armssoftware.com/6d5d8efe7873,https://x.com/RMU_Football,https://www.lewisvillerecruiting.com/college-search-tool,2026-09-23,https://a.espncdn.com/i/teamlogos/ncaa/500/2523.png,994
rochester-community-technical-college-minnesota-juco,Rochester Community & Technical College,JUCO,Minnesota College Athletic Conference,Rochester,Minnesota,https://www.rctcyellowjackets.com/sports/fball/coaches/index,https://www.rctcyellowjackets.com/sports/fball/index,https://www.rctcyellowjackets.com/sports/fball,https://x.com/rctc_fb,https://www.lewisvillerecruiting.com/college-search-tool,2026-09-23,,636
rockford-university-illinois-d3,Rockford University,D3,NACC,Rockford,Illinois,https://rockfordregents.com/sports/football/coaches,https://rockfordregents.com/sports/2021/4/27/information-Camps.aspx,https://rockfordregents.com/sports/2021/5/28/football-recruit-form.aspx,https://x.com/rockfordufb,https://www.lewisvillerecruiting.com/college-search-tool,2026-09-23,https://a.espncdn.com/i/teamlogos/ncaa/500/2524.png,641
rocky-mountain-college-montana-naia,Rocky Mountain College,NAIA,Frontier Conference,Billings,Montana,https://gobattlinbears.com/sports/football/coaches,https://rocky.edu/giving-community/camps-conferences/#football-2,https://www.fieldlevel.com/k7q3f9fx/football/recruiting,https://x.com/Rocky_Football,https://www.lewisvillerecruiting.com/college-search-tool,2026-09-23,,905
roosevelt-university-illinois-naia,Roosevelt University,NAIA,CCAC,Chicago,Illinois,https://rooseveltlakers.com/sports/football/coaches,https://rooseveltlakers.com/sports/football,https://rooseveltlakers.com/sports/football,https://x.com/RULAKERFB,https://www.lewisvillerecruiting.com/college-search-tool,2026-09-23,,680
rose-hulman-institute-of-technology-indiana-d3,Rose-Hulman Institute of Technology,D3,HCAC,Terre Haute,Indiana,https://athletics.rose-hulman.edu/sports/football/coaches,https://athletics.rose-hulman.edu/news/2022/3/5/general-rose-hulman-current-camps-and-clinics.aspx,https://athletics.rose-hulman.edu/sports/football,https://x.com/RoseHulmanFB,https://www.lewisvillerecruiting.com/college-search-tool,2026-09-23,,610
rowan-university-new-jersey-d3,Rowan University,D3,NJAC,Glassboro,New Jersey,https://www.rowanathletics.com/sports/football/coaches,https://www.rowanathletics.com/sports/football,https://questionnaires.armssoftware.com/f7989855e660?path=football,https://x.com/rowan_football,https://www.lewisvillerecruiting.com/college-search-tool,2026-09-23,https://a.espncdn.com/i/teamlogos/ncaa/500/2827.png,1251
rutgers-new-jersey-d1-fbs,Rutgers,D1-FBS,Big Ten,Piscataway,New Jersey,https://scarletknights.com/sports/football/coaches,https://scarletknights.com/sports/2025/2/27/2025-rutgers-football-camps,https://questionnaires.armssoftware.com/581588caf234,https://x.com/RFootball,https://www.lewisvillerecruiting.com/college-search-tool,2026-09-23,https://a.espncdn.com/i/teamlogos/ncaa/500/164.png,1295
sacramento-city-college-california-juco,Sacramento City College,JUCO,Valley,Sacramento,California,https://www.sccpanthers.com/sports/fball/coaches/index,https://www.sccpanthers.com/sports/fball,https://questionnaires.armssoftware.com/68860cd2b5d6,https://x.com/SacCityFB,https://www.lewisvillerecruiting.com/college-search-tool,2026-09-23,,1335
sacramento-state-california-d1-fbs,Sacramento State,D1-FBS,MAC,Sacramento,California,https://hornetsports.com/sports/football/coaches,https://sacramentostatefootballcamps.totalcamps.com/About%20Us,https://questionnaires.armssoftware.com/68860cd2b5d6,https://x.com/SacHornetsFB,https://www.lewisvillerecruiting.com/college-search-tool,2026-09-23,https://a.espncdn.com/i/teamlogos/ncaa/500/16.png,1335
sacred-heart-connecticut-d1-fcs,Sacred Heart,D1-FCS,Independent,Fairfield,Connecticut,https://sacredheartpioneers.com/sports/football/coaches,https://shufootballcamps.ryzerevents.com/,https://questionnaires.armssoftware.com/7800c1f17a4a,https://x.com/shu__football,https://www.lewisvillerecruiting.com/college-search-tool,2026-09-23,https://a.espncdn.com/i/teamlogos/ncaa/500/2529.png,1360
saddleback-college-california-juco,Saddleback College,JUCO,Southern,Mission Viejo,California,https://saddlebackcollegeathletics.com/sports/fball/coaches/index,https://saddlebackcollegeathletics.com/sports/fball/index,https://saddlebackcollegeathletics.com/sports/fball,https://x.com/Saddleback_FB,https://www.lewisvillerecruiting.com/college-search-tool,2026-09-23,,1155
saginaw-valley-state-university-michigan-d2,Saginaw Valley State University,D2,GLIAC,University Center,Michigan,https://svsucardinals.com/sports/football/coaches,https://svsufootballcamps.totalcamps.com/About%20Us,https://svsucardinals.com/sports/2026/7/16/recruiting-forms.aspx,https://x.com/svsu_football,https://www.lewisvillerecruiting.com/college-search-tool,2026-09-23,https://a.espncdn.com/i/teamlogos/ncaa/500/129.png,901
saint-anselm-college-new-hampshire-d2,Saint Anselm College,D2,NE-10,Goffstown,New Hampshire,https://saintanselmhawks.com/sports/football/coaches,https://saintanselmfootballcamps.totalcamps.com/About%20Us,https://questionnaires.armssoftware.com/3bd072bd5f12,https://x.com/stahawksfb,https://www.lewisvillerecruiting.com/college-search-tool,2026-09-23,https://a.espncdn.com/i/teamlogos/ncaa/500/2830.png,1466
saint-francis-university-pennsylvania-d3,Saint Francis University,D3,PAC,Loretto,Pennsylvania,https://sfuathletics.com/sports/football/coaches,https://sfuathletics.com/sports/2012/4/18/GEN_0418120725.aspx?tab=youthcamps,https://sfuathletics.com/sports/football,https://x.com/RedFlashFB,https://www.lewisvillerecruiting.com/college-search-tool,2026-09-23,https://a.espncdn.com/i/teamlogos/ncaa/500/2598.png,1076
saint-john-s-university-minnesota-minnesota-d3,Saint John's University - Minnesota,D3,MIAC,Collegeville,Minnesota,https://gojohnnies.com/sports/football/coaches,https://www.sjujohnniescamps.com/,https://gojohnnies.com/sports/football,https://x.com/sjufootball,https://www.lewisvillerecruiting.com/college-search-tool,2026-09-23,,706
saint-mary-of-the-woods-college-indiana-naia,Saint Mary-of-the-Woods College,NAIA,MSFA,St. Mary's,Indiana,https://smwcathletics.com/sports/football/coaches,https://smwcathletics.com/sports/football,https://www.fieldlevel.com/njp74vx8/football/recruiting,https://x.com/SMWCFB/highlights,https://www.lewisvillerecruiting.com/college-search-tool,2026-09-23,,
saint-thomas-university-florida-naia,Saint Thomas University,NAIA,Sun,Miami Gardens,Florida,https://stubobcats.com/sports/football/coaches,https://stubobcats.com/sports/2014/7/17/CD_0717143006.aspx,https://stubobcats.com/sports/football,https://x.com/stu_football,https://www.lewisvillerecruiting.com/college-search-tool,2026-09-23,,1220
saint-vincent-college-pennsylvania-pennsylvania-d3,Saint Vincent College - Pennsylvania,D3,PAC,Latrobe,Pennsylvania,https://athletics.stvincent.edu/sports/football/coaches,https://athletics.stvincent.edu/sports/2023/5/22/2023-saint-vincent-college-summer-sports-camps.aspx,https://www.fieldlevel.com/ytx6g64d/football/recruiting,https://x.com/SVC_FTBL,https://www.lewisvillerecruiting.com/college-search-tool,2026-09-23,,1035
saint-xavier-university-illinois-naia,Saint Xavier University,NAIA,CCAC,Chicago,Illinois,https://sxucougars.com/sports/football/coaches,https://sxucougars.com/sports/football,https://www.fieldlevel.com/sxu/football/recruiting,https://x.com/sxufootball,https://www.lewisvillerecruiting.com/college-search-tool,2026-09-23,,680
salem-community-college-new-jersey-juco,Salem Community College,JUCO,Independent,Carneys Point,New Jersey,https://sccmightyoaks.prestosports.com/sports/fball/index,https://sccmightyoaks.prestosports.com/sports/fball/index,https://salemcc.radiusbycampusmgmt.com/ssc/iform/C80B1c70kA70x6700kzxI.ssc,https://x.com/sccmightyoaks,https://www.lewisvillerecruiting.com/college-search-tool,2026-09-23,,1232
salisbury-university-maryland-d3,Salisbury University,D3,Coast-coast,Salisbury,Maryland,https://suseagulls.com/staff-directory,https://suseagulls.com/sports/2022/7/12/community-camps-index.aspx,https://questionnaires.armssoftware.com/d89de0126880,https://x.com/seagullfootball,https://www.lewisvillerecruiting.com/college-search-tool,2026-09-23,https://a.espncdn.com/i/teamlogos/ncaa/500/2532.png,1219
salve-regina-university-rhode-island-d3,Salve Regina University,D3,CCC Football,Newport,Rhode Island,https://salveathletics.com/sports/football/coaches,https://salveathletics.com/registrations/#!/camps/,https://salveathletics.com/sports/2024/7/19/salve-regina-university-prospect-form-football.aspx,https://x.com/salve_football,https://www.lewisvillerecruiting.com/college-search-tool,2026-09-23,https://a.espncdn.com/i/teamlogos/ncaa/500/2776.png,1463
sam-houston-state-texas-d1-fbs,Sam Houston State,D1-FBS,C-USA,Huntsville,Texas,https://gobearkats.com/sports/football/coaches,https://gobearkats.com/sports/football,https://questionnaires.armssoftware.com/6a16f89fe9a4?path=football,https://x.com/BearkatsFB,https://www.lewisvillerecruiting.com/college-search-tool,2026-09-23,,358
samford-alabama-d1-fcs,Samford,D1-FCS,Southern,Birmingham,Alabama,https://samfordsports.com/sports/football/coaches,https://chrishatcherfootballcamps.totalcamps.com/About%20Us,https://www.fieldlevel.com/samford/football/recruiting,https://x.com/SamfordFootball,https://www.lewisvillerecruiting.com/college-search-tool,2026-09-23,https://a.espncdn.com/i/teamlogos/ncaa/500/2535.png,625
san-bernardino-valley-college-california-juco,San Bernardino Valley College,JUCO,Mountain,San Bernardino,California,https://sbvcathletics.com/sports/fball/coaches/index,https://sbvcathletics.com/sports/fball/index,https://sbvcathletics.com/sports/fball,https://x.com/sbvc_football,https://www.lewisvillerecruiting.com/college-search-tool,2026-09-23,,1126
san-diego-california-d1-fcs,San Diego,D1-FCS,Pioneer,San Diego,California,https://usdtoreros.com/sports/football/coaches,https://usdfootball.totalcamps.com/About%20Us,https://questionnaires.armssoftware.com/a3dcbbc88a40,https://x.com/usdfootball,https://www.lewisvillerecruiting.com/college-search-tool,2026-09-23,https://a.espncdn.com/i/teamlogos/ncaa/500/301.png,1141
san-diego-mesa-college-california-juco,San Diego Mesa College,JUCO,Mountain,San Diego,California,https://www.gosdmesa.com/sports/fball/coaches/index,https://www.gosdmesa.com/sports/fball/index,https://www.fieldlevel.com/sdmesa/football/recruiting,https://x.com/SDmesafootball,https://www.lewisvillerecruiting.com/college-search-tool,2026-09-23,,1141
san-diego-state-california-d1-fbs,San Diego State,D1-FBS,Pac-12,San Diego,California,https://goaztecs.com/sports/football/roster,https://aztecfootballcamps.totalcamps.com/About%20Us,https://questionnaires.armssoftware.com/16c63dea081e,https://x.com/AztecFB,https://www.lewisvillerecruiting.com/college-search-tool,2026-09-23,https://a.espncdn.com/i/teamlogos/ncaa/500/21.png,1141
san-joaquin-delta-college-california-juco,San Joaquin Delta College,JUCO,Valley,Stockton,California,https://www.deltacollegeathletics.com/sports/fball/coaches/index,https://www.deltacollegeathletics.com/sports/fball,https://www.fieldlevel.com/deltacollege/football/recruiting,https://x.com/sjdcfootball,https://www.lewisvillerecruiting.com/college-search-tool,2026-09-23,,1323
san-jose-city-college-california-juco,San Jose City College,JUCO,Golden Coast,San Jose,California,https://sjccjaguars.com/sports/fball/coaches/index,https://sjccjaguars.com/sports/fball/index,https://sjccjaguars.com/sports/fball,https://x.com/sjcc_football,https://www.lewisvillerecruiting.com/college-search-tool,2026-09-23,,1357
san-jose-state-california-d1-fbs,San Jose State,D1-FBS,Mountain West,San Jose,California,https://sjsuspartans.com/sports/football/roster,https://sanjosestatefootballcamps.totalcamps.com/About%20Us,https://questionnaires.armssoftware.com/a685a82d7583,https://x.com/SanJoseStateFB,https://www.lewisvillerecruiting.com/college-search-tool,2026-09-23,https://a.espncdn.com/i/teamlogos/ncaa/500/23.png,1357
santa-ana-college-california-juco,Santa Ana College,JUCO,Metro,Santa Ana,California,https://www.sacdons.com/sports/fball/coaches/index,https://www.sacdons.com/sports/fball/index,https://www.sacdons.com/sports/fball,https://x.com/sacdons,https://www.lewisvillerecruiting.com/college-search-tool,2026-09-23,,1164
santa-barbara-city-college-california-juco,Santa Barbara City College,JUCO,Pacific,Santa Barbara,California,https://www.sbccvaqueros.com/sports/fball/coaches/index,https://www.sbccvaqueros.com/sports/fball,https://www.sbccvaqueros.com/sports/fball,https://x.com/sbccfootball,https://www.lewisvillerecruiting.com/college-search-tool,2026-09-23,,1257
santa-monica-college-california-juco,Santa Monica College,JUCO,Northern,Santa Monica,California,https://www.smccorsairs.com/sports/fball/coaches/index,https://www.smccorsairs.com/sports/fball/index,https://www.smccorsairs.com/sports/fball,https://x.com/smc_corsairfb,https://www.lewisvillerecruiting.com/college-search-tool,2026-09-23,,1195
santa-rosa-junior-college-california-juco,Santa Rosa Junior College,JUCO,Bay 6,Santa Rosa,California,https://srjcathletics.com/sports/fball/coaches/index,https://srjcathletics.com/sports/fball,https://www.fieldlevel.com/santarosa/football/recruiting,https://x.com/srjcfootball,https://www.lewisvillerecruiting.com/college-search-tool,2026-09-23,,1401
savannah-state-university-georgia-d2,Savannah State University,D2,SIAC,Savannah,Georgia,https://ssuathletics.com/staff-directory/football-department/3,https://ssuathletics.com/sports/2017/4/12/GEN_0217092409.aspx,https://www.fieldlevel.com/svannahstate/football/recruiting,https://x.com/savannahstatefb,https://www.lewisvillerecruiting.com/college-search-tool,2026-09-23,https://a.espncdn.com/i/teamlogos/ncaa/500/2542.png,970
schreiner-university-texas-d3,Schreiner University,D3,ASC,Kerrville,Texas,https://schreinermountaineers.com/Sports/fball/coaches/index,https://schreinermountaineers.com/sports/fball/index,https://www.fieldlevel.com/schreiner/football/recruiting,https://x.com/SchreinerFB,https://www.lewisvillerecruiting.com/college-search-tool,2026-09-23,,399
seton-hill-university-pennsylvania-d2,Seton Hill University,D2,PSAC,Greensburg,Pennsylvania,https://athletics.setonhill.edu/sports/football/coaches,https://athletics.setonhill.edu/sports/2017/5/9/football-camps.aspx,https://questionnaires.armssoftware.com/eb07191a467b,https://x.com/SHU_FBALL,https://www.lewisvillerecruiting.com/college-search-tool,2026-09-23,https://a.espncdn.com/i/teamlogos/ncaa/500/611.png,1026
sewanee-the-university-of-the-south-tennessee-d3,Sewanee - The University of the South,D3,SAA,Sewanee,Tennessee,https://sewaneetigers.com/sports/football/roster#sidearm-roster-coaches,https://sewaneetigers.com/sports/2021/4/28/information-summercamps-index.aspx,https://sewaneetigers.com/sports/2021/4/28/questionnaires-Football.aspx,https://x.com/sewaneefootball,https://www.lewisvillerecruiting.com/college-search-tool,2026-09-23,,651
shasta-college-california-juco,Shasta College,JUCO,NorCal,Redding,California,https://www.shastacollegeathletics.com/sports/fball/coaches/index,https://www.shastacollegeathletics.com/sports/fball/index,https://www.fieldlevel.com/shastacollege/football/recruiting,https://x.com/Shastaknightsfb,https://www.lewisvillerecruiting.com/college-search-tool,2026-09-23,,1391
shaw-university-north-carolina-d2,Shaw University,D2,CIAA,Raleigh,North Carolina,https://shawbears.com/sports/football/coaches,https://shawbears.com/sports/football/coaches,https://www.fieldlevel.com/qkx9b6kt/football/recruiting,https://x.com/shawufootball,https://www.lewisvillerecruiting.com/college-search-tool,2026-09-23,https://a.espncdn.com/i/teamlogos/ncaa/500/2551.png,1055
shenandoah-university-virginia-d3,Shenandoah University,D3,ODAC,Winchester,Virginia,https://suhornets.com/sports/football/coaches,https://www.scottyoderfootball.com/,https://suhornets.com/sports/football,https://x.com/SUhornetsFB,https://www.lewisvillerecruiting.com/college-search-tool,2026-09-23,https://a.espncdn.com/i/teamlogos/ncaa/500/2828.png,1085
shepherd-university-west-virginia-d2,Shepherd University,D2,PSAC,Shepherdstown,West Virginia,https://shepherdrams.com/sports/football/coaches,https://shepherdfootballcamps.totalcamps.com/About%20Us,https://questionnaires.armssoftware.com/165645fe32da,https://x.com/suramsfootball,https://www.lewisvillerecruiting.com/college-search-tool,2026-09-23,https://a.espncdn.com/i/teamlogos/ncaa/500/2974.png,1107
shippensburg-university-of-pennsylvania-pennsylvania-d2,Shippensburg University of Pennsylvania,D2,PSAC,Shippensburg,Pennsylvania,https://shipraiders.com/sports/football/coaches,https://shipfootball.totalcamps.com/About%20Us,https://shipraiders.com/sb_output.aspx?frform=5&path=fb,https://x.com/shipuraiders,https://www.lewisvillerecruiting.com/college-search-tool,2026-09-23,,1128
shorter-university-georgia-d2,Shorter University,D2,Conference Carolinas,Rome,Georgia,https://goshorterhawks.com/sports/football/coaches,https://goshorterhawks.com/sports/2013/6/3/Camps.aspx,https://goshorterhawks.com/sports/football,https://x.com/Shorter_FB,https://www.lewisvillerecruiting.com/college-search-tool,2026-09-23,https://a.espncdn.com/i/teamlogos/ncaa/500/2560.png,703
siena-heights-university-michigan-naia,Siena Heights University,NAIA,Wolverine-hoosier,Adrian,Michigan,https://shusaints.com/sports/fball/coaches/index,https://shusaints.com/sports/fball,https://shusaints.com/recruiting/recruiting_central/football-recruit,https://x.com/sienaheightsfb,https://www.lewisvillerecruiting.com/college-search-tool,2026-09-23,,841
sierra-college-california-juco,Sierra College,JUCO,NorCal,Rocklin,California,https://athletics.sierracollege.edu/sports/fball/coaches/index,https://athletics.sierracollege.edu/sports/fball,https://athletics.sierracollege.edu/recruit-forms/football-form,https://x.com/SierraCollegeFB,https://www.lewisvillerecruiting.com/college-search-tool,2026-09-23,,1321
simpson-college-iowa-d3,Simpson College,D3,ARC,Indianola,Iowa,https://www.simpsonathletics.com/sports/fball/coaches/index,https://www.simpsonfootballcamps.com/,https://www.simpsonathletics.com/sports/fball,https://x.com/scstormfootball,https://www.lewisvillerecruiting.com/college-search-tool,2026-09-23,,447
simpson-university-california-naia,Simpson University,NAIA,Frontier Conference,Redding,California,https://simpsonredhawks.com/sports/football/roster#sidearm-roster-coaches,https://simpsonredhawks.com/sports/football,https://simpsonredhawks.com/sports/football,https://x.com/SimpsonU_FB,https://www.lewisvillerecruiting.com/college-search-tool,2026-09-23,,1391
slippery-rock-university-pennsylvania-d2,Slippery Rock University,D2,PSAC,Slippery Rock,Pennsylvania,https://rockathletics.com/sports/football/coaches,https://therockfootballcamps.totalcamps.com/About%20Us,https://questionnaires.armssoftware.com/2ff1d7f558a8,https://x.com/srurockfb,https://www.lewisvillerecruiting.com/college-search-tool,2026-09-23,https://a.espncdn.com/i/teamlogos/ncaa/500/215.png,1013
smu-texas-d1-fbs,SMU,D1-FBS,ACC,University Park,Texas,https://smumustangs.com/sports/football/coaches,https://www.coachlashleecamps.com/,https://questionnaires.armssoftware.com/af6eb6d29764,https://x.com/SMUFB,https://www.lewisvillerecruiting.com/college-search-tool,2026-09-23,https://a.espncdn.com/i/teamlogos/ncaa/500/2567.png,441
snow-college-utah-juco,Snow College,JUCO,Independent,Ephraim,Utah,https://snowbadgers.com/staff-directory,https://snowbadgers.com/sports/football,https://www.fieldlevel.com/nxc3n94r/football/recruiting,https://x.com/snowcollegefb,https://www.lewisvillerecruiting.com/college-search-tool,2026-09-23,,814
south-alabama-alabama-d1-fbs,South Alabama,D1-FBS,Sun Belt,Mobile,Alabama,https://usajaguars.com/sports/football/coaches,https://www.jaguarfootballcamps.com/,https://questionnaires.armssoftware.com/d043922d4bc0,https://x.com/SouthAlabamaFB,https://www.lewisvillerecruiting.com/college-search-tool,2026-09-23,https://a.espncdn.com/i/teamlogos/ncaa/500/6.png,644
south-carolina-south-carolina-d1-fbs,South Carolina,D1-FBS,SEC,Columbia,South Carolina,https://gamecocksonline.com/staff-directory/football-803-777-4271/,https://shanebeamerfootballcamp.totalcamps.com/About%20Us,https://college.jumpforward.com/questionnaire.aspx?iid=404&sportid=54,https://x.com/GamecockFB,https://www.lewisvillerecruiting.com/college-search-tool,2026-09-23,https://a.espncdn.com/i/teamlogos/ncaa/500/2579.png,938
south-carolina-state-south-carolina-d1-fcs,South Carolina State,D1-FCS,MEAC,Orangeburg,South Carolina,https://www.scsuathletics.com/staff-directory,https://www.scsuathletics.com/sports/2023/4/19/camps-clinics.aspx,https://college.jumpforward.com/questionnaire.aspx?iid=1591&sportid=54&path=football,https://x.com/SCState_Fb,https://www.lewisvillerecruiting.com/college-search-tool,2026-09-23,https://a.espncdn.com/i/teamlogos/ncaa/500/2569.png,956
south-dakota-south-dakota-d1-fcs,South Dakota,D1-FCS,Missouri Valley,Vermillion,South Dakota,https://goyotes.com/sports/football/coaches,https://football.goyotescamps.com/,https://goyotes.com/sports/football,https://x.com/sdcoyotes,https://www.lewisvillerecruiting.com/college-search-tool,2026-09-23,https://a.espncdn.com/i/teamlogos/ncaa/500/233.png,493
south-dakota-school-of-mines-technology-south-dakota-d2,South Dakota School of Mines & Technology,D2,RMAC,Rapid City,South Dakota,https://gorockers.com/sports/football/coaches,https://www.hardrockerfootballcamps.com/,https://gorockers.com/sb_output.aspx?form=3,https://mobile.twitter.com/hardrockerfb,https://www.lewisvillerecruiting.com/college-search-tool,2026-09-23,,657
south-dakota-state-south-dakota-d1-fcs,South Dakota State,D1-FCS,Missouri Valley,Brookings,South Dakota,https://gojacks.com/sports/football/coaches,https://www.jackrabbitfootballcamps.com/,https://gojacks.com/sports/football,https://x.com/GoJacksFB,https://www.lewisvillerecruiting.com/college-search-tool,2026-09-23,https://a.espncdn.com/i/teamlogos/ncaa/500/2571.png,599
south-florida-florida-d1-fbs,South Florida,D1-FBS,American,Tampa,Florida,https://gousfbulls.com/sports/football/coaches,https://gousfbulls.com/sports/football,https://gousfbulls.com/sports/football,https://x.com/USFFootball,https://www.lewisvillerecruiting.com/college-search-tool,2026-09-23,https://a.espncdn.com/i/teamlogos/ncaa/500/58.png,1028
southeast-missouri-state-missouri-d1-fcs,Southeast Missouri State,D1-FCS,Ohio Valley,Cape Girardeau,Missouri,https://semoredhawks.com/sports/football/coaches,https://semoredhawks.com/sports/football,https://www.fieldlevel.com/semo/football/recruiting,https://x.com/SEMOfootball,https://www.lewisvillerecruiting.com/college-search-tool,2026-09-23,https://a.espncdn.com/i/teamlogos/ncaa/500/2546.png,457
southeastern-louisiana-louisiana-d1-fcs,Southeastern Louisiana,D1-FCS,Southland,Hammond,Louisiana,https://lionsports.net/sports/football/coaches,https://www.frankscelfofootballcamps.com/,https://questionnaires.armssoftware.com/778642c52f7a,https://x.com/lionupfootball,https://www.lewisvillerecruiting.com/college-search-tool,2026-09-23,,540
southeastern-oklahoma-state-university-oklahoma-d2,Southeastern Oklahoma State University,D2,GAC,Durant,Oklahoma,https://gosoutheastern.com/sports/football/coaches,https://www.savagestormfootballcamps.com/,https://questionnaires.armssoftware.com/834126afe42e,https://x.com/GoSoutheastern,https://www.lewisvillerecruiting.com/college-search-tool,2026-09-23,https://a.espncdn.com/i/teamlogos/ncaa/500/199.png,131
southeastern-university-florida-naia,Southeastern University,NAIA,Sun,Lakeland,Florida,https://fire.seu.edu/sports/football,https://fire.seu.edu/sports/2015/6/22/GEN_Camps.aspx,https://questionnaires.armssoftware.com/246d91c47ae1,https://x.com/SEUFireFootball,https://www.lewisvillerecruiting.com/college-search-tool,2026-09-23,,1050
southern-louisiana-d1-fcs,Southern,D1-FCS,SWAC,Baton Rouge,Louisiana,https://gojagsports.com/sports/football/coaches,https://gojagsports.com/sports/football,https://gojagsports.com/sports/football,https://x.com/geauxjags,https://www.lewisvillerecruiting.com/college-search-tool,2026-09-23,https://a.espncdn.com/i/teamlogos/ncaa/500/2582.png,512
southern-arkansas-university-arkansas-d2,Southern Arkansas University,D2,GAC,Magnolia,Arkansas,https://muleriderathletics.com/sports/football/coaches,https://www.muleriderfootballcamps.com/,https://muleriderathletics.com/sports/football,https://x.com/saufootball,https://www.lewisvillerecruiting.com/college-search-tool,2026-09-23,https://a.espncdn.com/i/teamlogos/ncaa/500/2568.png,292
southern-connecticut-state-university-connecticut-d2,Southern Connecticut State University,D2,NE-10,New Haven,Connecticut,https://scsuowls.com/sports/football/roster#sidearm-roster-coaches,https://scsuowls.com/sports/football,https://www.fieldlevel.com/southernct/football/recruiting,https://x.com/SCSUFB,https://www.lewisvillerecruiting.com/college-search-tool,2026-09-23,https://a.espncdn.com/i/teamlogos/ncaa/500/2583.png,1379
southern-illinois-illinois-d1-fcs,Southern Illinois,D1-FCS,Missouri Valley,Carbondale,Illinois,https://siusalukis.com/sports/football/coaches,https://www.nickhillfootballcamp.com/,https://siusalukis.com/sports/football,https://x.com/SIU_Football,https://www.lewisvillerecruiting.com/college-search-tool,2026-09-23,https://a.espncdn.com/i/teamlogos/ncaa/500/79.png,479
southern-miss-mississippi-d1-fbs,Southern Miss,D1-FBS,Sun Belt,Hattiesburg,Mississippi,https://southernmiss.com/sports/football/coaches,https://www.southernmissfootballcamp.com/,https://questionnaires.armssoftware.com/8714178713d4,https://x.com/SouthernMissFB,https://www.lewisvillerecruiting.com/college-search-tool,2026-09-23,https://a.espncdn.com/i/teamlogos/ncaa/500/2572.png,558
southern-nazarene-university-oklahoma-d2,Southern Nazarene University,D2,GAC,Bethany,Oklahoma,https://snuathletics.com/sports/football/coaches,https://www.snufootballcamps.com/,https://www.fieldlevel.com/snu/football/recruiting,https://x.com/snufootball,https://www.lewisvillerecruiting.com/college-search-tool,2026-09-23,https://a.espncdn.com/i/teamlogos/ncaa/500/200.png,13
southern-oregon-university-oregon-naia,Southern Oregon University,NAIA,Cascade,Ashland,Oregon,https://souraiders.com/sports/football/coaches,https://souraiders.com/sports/2008/7/12/Camps.aspx?id=1,https://www.fieldlevel.com/sou/football/recruiting,https://x.com/sou_football,https://www.lewisvillerecruiting.com/college-search-tool,2026-09-23,https://a.espncdn.com/i/teamlogos/ncaa/500/2584.png,1423
southern-utah-utah-d1-fcs,Southern Utah,D1-FCS,Big Sky,Cedar City,Utah,https://suutbirds.com/sports/football/coaches,https://southernutahfootballcamps.com/,https://suutbirds.com/sports/football,https://x.com/suufb_,https://www.lewisvillerecruiting.com/college-search-tool,2026-09-23,https://a.espncdn.com/i/teamlogos/ncaa/500/253.png,874
southern-virginia-university-virginia-d3,Southern Virginia University,D3,USA South,Buena Vista,Virginia,https://knightathletics.com/sports/football/roster#sidearm-roster-coaches,https://knightathletics.com/sports/football,https://www.fieldlevel.com/svu/football/recruiting,https://x.com/knight_ftbl,https://www.lewisvillerecruiting.com/college-search-tool,2026-09-23,https://a.espncdn.com/i/teamlogos/ncaa/500/2896.png,1013
southwest-baptist-university-missouri-d2,Southwest Baptist University,D2,GLVC,Bolivar,Missouri,https://www.sbubearcats.com/sports/football/coaches,https://coachclardyfootball.totalcamps.com/About%20Us,https://questionnaires.armssoftware.com/c275cb11b48e,https://x.com/sbu_football,https://www.lewisvillerecruiting.com/college-search-tool,2026-09-23,https://a.espncdn.com/i/teamlogos/ncaa/500/2586.png,263
southwest-minnesota-state-university-minnesota-d2,Southwest Minnesota State University,D2,NSIC,Marshall,Minnesota,https://smsumustangs.com/sports/football/coaches,https://www.smsufootballcamps.com/index.cfm,https://smsumustangs.com/sb_output.aspx?frform=5,https://x.com/smsufootball,https://www.lewisvillerecruiting.com/college-search-tool,2026-09-23,https://a.espncdn.com/i/teamlogos/ncaa/500/2587.png,614
southwest-mississippi-community-college-mississippi-juco,Southwest Mississippi Community College,JUCO,MACCC,Summit,Mississippi,https://southwestbearathletics.com/sports/football/coaches,https://southwestbearathletics.com/sports/2022/5/16/camps.aspx,https://southwestbearathletics.com/sports/football,https://x.com/smccfootball,https://www.lewisvillerecruiting.com/college-search-tool,2026-09-23,,504
southwestern-college-california-california-juco,Southwestern College - California,JUCO,Mountain,Chula Vista,California,https://www.southwesternjaguars.com/sports/fball/coaches/index,https://www.southwesternjaguars.com/sports/fball,https://www.southwesternjaguars.com/sports/fball,https://x.com/builderfootball,https://www.lewisvillerecruiting.com/college-search-tool,2026-09-23,,1138
southwestern-college-kansas-kansas-naia,Southwestern College - Kansas,NAIA,Kansas Collegiate Athletic Conference,Winfield,Kansas,https://buildersports.com/sports/football/coaches,https://buildersports.com/sports/football,https://scps.formstack.com/forms/mc_athletic_recruiting_football,https://x.com/builderfootball,https://www.lewisvillerecruiting.com/college-search-tool,2026-09-23,,113
southwestern-oklahoma-state-university-oklahoma-d2,Southwestern Oklahoma State University,D2,GAC,Weatherford,Oklahoma,https://swosuathletics.com/sports/football/coaches,https://swosuathletics.com/sports/2022/3/29/2022-summer-camps.aspx,https://questionnaires.armssoftware.com/834126afe42e,https://x.com/SWOSUFootball,https://www.lewisvillerecruiting.com/college-search-tool,2026-09-23,https://a.espncdn.com/i/teamlogos/ncaa/500/2927.png,70
southwestern-university-texas-d3,Southwestern University,D3,SCAC,Georgetown,Texas,https://southwesternpirates.com/sports/football/coaches,https://southwesternpirates.com/sports/football,https://southwesternpirates.com/sports/football,https://x.com/supiratesfb,https://www.lewisvillerecruiting.com/college-search-tool,2026-09-23,https://a.espncdn.com/i/teamlogos/ncaa/500/2588.png,347
springfield-college-massachusetts-d3,Springfield College,D3,NEWMAC,Springfield,Massachusetts,https://springfieldcollegepride.com/sports/football/coaches,https://springfieldcollegepride.com/sports/football,https://springfieldcollegepride.com/sports/football,https://x.com/_scfootball,https://www.lewisvillerecruiting.com/college-search-tool,2026-09-23,https://a.espncdn.com/i/teamlogos/ncaa/500/81.png,1405
st-ambrose-university-iowa-naia,St. Ambrose University,NAIA,CCAC,Davenport,Iowa,https://www.saubees.com/sports/fball/coaches/index,https://www.saubees.com/sports/fball,https://www.saubees.com/sports/fball,https://x.com/FightingBeesFB,https://www.lewisvillerecruiting.com/college-search-tool,2026-09-23,https://a.espncdn.com/i/teamlogos/ncaa/500/2591.png,550
st-andrews-university-north-carolina-naia,St. Andrews University,NAIA,AAC,Laurinburg,North Carolina,https://www.sauknights.com/sports/fball/coaches/index,https://www.sauknights.com/sports/fball/index,https://www.sauknights.com/sports/fball,https://x.com/StAndrewsFB,https://www.lewisvillerecruiting.com/college-search-tool,2026-09-23,,1017
st-john-fisher-university-new-york-d3,St. John Fisher University,D3,Empire 8,Pittsford,New York,https://sjfathletics.com/sports/football/coaches,https://sjfathletics.com/sports/football,https://sjfathletics.com/sports/football,https://x.com/sjffootball,https://www.lewisvillerecruiting.com/college-search-tool,2026-09-23,https://a.espncdn.com/i/teamlogos/ncaa/500/374.png,1180
st-lawrence-university-new-york-d3,St. Lawrence University,D3,Liberty,Canton,New York,https://saintsathletics.com/sports/football/coaches,https://saintsathletics.com/sports/2023/4/7/FB_0110142932.aspx,https://saintsathletics.com/sports/football,https://x.com/slu_football,https://www.lewisvillerecruiting.com/college-search-tool,2026-09-23,https://a.espncdn.com/i/teamlogos/ncaa/500/2779.png,1325
st-norbert-college-wisconsin-d3,St. Norbert College,D3,NACC,De Pere,Wisconsin,https://athletics.snc.edu/sports/football/coaches,https://www.sncfootballcamps.com/,https://athletics.snc.edu/sports/football,https://x.com/sncfootball,https://www.lewisvillerecruiting.com/college-search-tool,2026-09-23,https://a.espncdn.com/i/teamlogos/ncaa/500/2832.png,785
st-olaf-college-minnesota-d3,St. Olaf College,D3,MIAC,Northfield,Minnesota,https://athletics.stolaf.edu/sports/football/coaches,https://athletics.stolaf.edu/sports/football,https://athletics.stolaf.edu/sports/2016/9/14/football-recruit-questionnaire.aspx,https://x.com/stolaffb,https://www.lewisvillerecruiting.com/college-search-tool,2026-09-23,https://a.espncdn.com/i/teamlogos/ncaa/500/133.png,650
st-thomas-minnesota-d1-fcs,St. Thomas,D1-FCS,Pioneer,St. Paul,Minnesota,https://tommiesports.com/sports/football/coaches,https://ustfootball.totalcamps.com/About%20Us,https://questionnaires.armssoftware.com/b28fee1b179c,https://x.com/ust_football,https://www.lewisvillerecruiting.com/college-search-tool,2026-09-23,https://a.espncdn.com/i/teamlogos/ncaa/500/2900.png,682
st-thomas-university-florida-florida-naia,St. Thomas University - Florida,NAIA,Sun Conference,Miami Gardens,Florida,https://stubobcats.com/sports/football/coaches/,https://stubobcats.com/sports/football,https://questionnaires.armssoftware.com/b28fee1b179c,https://x.com/STU_Football,https://www.lewisvillerecruiting.com/college-search-tool,2026-09-23,,1220
stanford-california-d1-fbs,Stanford,D1-FBS,ACC,Stanford,California,https://gostanford.com/sports/football/roster,https://stanfordfootballcamps.totalcamps.com/About%20Us,https://questionnaires.armssoftware.com/a1565868bdbf,https://x.com/StanfordFball,https://www.lewisvillerecruiting.com/college-search-tool,2026-09-23,https://a.espncdn.com/i/teamlogos/ncaa/500/24.png,1372
state-university-of-new-york-at-cortland-new-york-d3,State University of New York at Cortland,D3,SUNY,Cortland,New York,https://www.cortlandreddragons.com/staff-directory/football-department/5,https://www.cortlandreddragons.com/sports/2020/2/6/2023-suny-cortland-summer-sports-camps.aspx,https://www.fieldlevel.com/cortland/football/recruiting,https://x.com/CortlandFB,https://www.lewisvillerecruiting.com/college-search-tool,2026-09-23,,1234
stephen-f-austin-texas-d1-fcs,Stephen F. Austin,D1-FCS,Southland,Nacogdoches,Texas,https://sfajacks.com/sports/football/coaches,https://www.sfafootballcamps.com/,https://questionnaires.armssoftware.com/01b15e0e7694,https://x.com/SFA_Football,https://www.lewisvillerecruiting.com/college-search-tool,2026-09-23,https://a.espncdn.com/i/teamlogos/ncaa/500/2617.png,323
sterling-college-kansas-kansas-naia,Sterling College - Kansas,NAIA,Kansas Collegiate Athletic Conference,Sterling,Kansas,https://www.scwarriors.com/sports/fball/coaches/index,https://www.scwarriors.com/sports/fball/index,https://www.scwarriors.com/sports/fball,https://x.com/scwarriorfb,https://www.lewisvillerecruiting.com/college-search-tool,2026-09-23,,181
stetson-florida-d1-fcs,Stetson,D1-FCS,Pioneer,DeLand,Florida,https://gohatters.com/sports/football,https://gohatters.com/sports/2017/4/13/stetson-athletics-camps.aspx,https://questionnaires.armssoftware.com/ef9cda564a8b,https://x.com/stetsonfootball,https://www.lewisvillerecruiting.com/college-search-tool,2026-09-23,https://a.espncdn.com/i/teamlogos/ncaa/500/56.png,1047
stevenson-university-maryland-d3,Stevenson University,D3,MAC,Owings Mills,Maryland,https://gomustangsports.com/sports/football/coaches,https://gomustangsports.com/sports/football,https://questionnaires.armssoftware.com/9441858d75d8,https://x.com/SUMustangFB,https://www.lewisvillerecruiting.com/college-search-tool,2026-09-23,https://a.espncdn.com/i/teamlogos/ncaa/500/471.png,1161
stonehill-massachusetts-d1-fcs,Stonehill,D1-FCS,Northeast,Easton,Massachusetts,https://stonehillskyhawks.com/staff-directory/football-department/3?path=football,https://stonehillskyhawks.com/sports/football,https://www.fieldlevel.com/setonhill/football/recruiting,https://x.com/stonehillfb,https://www.lewisvillerecruiting.com/college-search-tool,2026-09-23,https://a.espncdn.com/i/teamlogos/ncaa/500/284.png,1478
stony-brook-new-york-d1-fcs,Stony Brook,D1-FCS,CAA,Stony Brook,New York,https://stonybrookathletics.com/sports/football/coaches,https://sportscampsatstonybrook.com/,https://questionnaires.armssoftware.com/c5f0b465d619,https://x.com/StonyBrookFB,https://www.lewisvillerecruiting.com/college-search-tool,2026-09-23,https://a.espncdn.com/i/teamlogos/ncaa/500/2619.png,1364
sul-ross-state-university-texas-d2,Sul Ross State University,D2,LSC,Alpine,Texas,https://srlobos.com/sports/football/roster/?path=football#sidearm-roster-coaches,https://sulrossfootball.totalcamps.com/About%20Us,https://questionnaires.armssoftware.com/0477a00a2a99,https://x.com/srsufootball,https://www.lewisvillerecruiting.com/college-search-tool,2026-09-23,https://a.espncdn.com/i/teamlogos/ncaa/500/2834.png,512
suny-brockport-new-york-d3,SUNY Brockport,D3,SUNY,Brockport,New York,https://gobrockport.com/sports/football/coaches,https://www.brockportfootballcamp.com/,https://gobrockport.com/sb_output.aspx?frform=17&path=football,https://x.com/bport_football,https://www.lewisvillerecruiting.com/college-search-tool,2026-09-23,,1162
suny-buffalo-state-university-new-york-d3,SUNY Buffalo State University,D3,SUNY,Buffalo,New York,https://buffalostateathletics.com/sports/football/coaches,https://buffalostateathletics.com/sports/football,https://www.fieldlevel.com/buffalostate/football/recruiting,https://x.com/BuffStateFB,https://www.lewisvillerecruiting.com/college-search-tool,2026-09-23,,1110
suny-erie-community-college-new-york-juco,SUNY Erie Community College,JUCO,Independent,Buffalo,New York,https://athletics.ecc.edu/sports/fball/coaches/index,https://athletics.ecc.edu/sports/fball,https://www.fieldlevel.com/lec/football/recruiting,https://x.com/erieccathletics,https://www.lewisvillerecruiting.com/college-search-tool,2026-09-23,,1110
suny-hudson-valley-community-college-new-york-juco,SUNY Hudson Valley Community College,JUCO,Independent,Troy,New York,https://www.hvccathletics.com/sports/fball/coaches/index,https://www.hvccathletics.com/sports/fball/index,https://www.fieldlevel.com/73q7awr6/football/recruiting,https://x.com/hvccfootball,https://www.lewisvillerecruiting.com/college-search-tool,2026-09-23,,1359
suny-maritime-college-new-york-d3,SUNY Maritime College,D3,Skyline,Bronx,New York,https://maritimeathletics.com/sports/football/coaches,https://maritimeathletics.com/sports/football,https://maritimeathletics.com/sb_output.aspx?frform=4&path=football,https://x.com/MaritimeFB,https://www.lewisvillerecruiting.com/college-search-tool,2026-09-23,https://a.espncdn.com/i/teamlogos/ncaa/500/2951.png,1329
susquehanna-university-pennsylvania-d3,Susquehanna University,D3,Landmark,Selinsgrove,Pennsylvania,https://suriverhawks.com/sports/football/coaches,https://suriverhawks.com/sports/camps/archives?search=&sport=camps&season=0,https://www.fieldlevel.com/mrtyfcqf/football/recruiting,https://x.com/suriverhawksfb,https://www.lewisvillerecruiting.com/college-search-tool,2026-09-23,https://a.espncdn.com/i/teamlogos/ncaa/500/216.png,1171
sussex-county-community-college-new-jersey-juco,Sussex County Community College,JUCO,Northeast JC Football Conference,Newton,New Jersey,https://www.sussexskylanders.com/sports/fball/coaches/index,https://www.sussexskylanders.com/sports/fball/index,https://www.fieldlevel.com/sussex/football/recruiting,https://x.com/Sussexfootball5,https://www.lewisvillerecruiting.com/college-search-tool,2026-09-23,,1282
syracuse-new-york-d1-fbs,Syracuse,D1-FBS,ACC,Syracuse,New York,https://cuse.com/sports/football/coaches,https://franchisecusecamps.totalcamps.com/About%20Us,https://questionnaires.armssoftware.com/a413b021b677,https://x.com/CuseFootball,https://www.lewisvillerecruiting.com/college-search-tool,2026-09-23,https://a.espncdn.com/i/teamlogos/ncaa/500/183.png,1244
tabor-college-kansas-naia,Tabor College,NAIA,Kansas Collegiate Athletic Conference,Hillsboro,Kansas,https://taborbluejays.com/sports/football/coaches,https://taborbluejays.com/sports/football,https://www.fieldlevel.com/tabor/football/recruiting,https://x.com/tabor_football,https://www.lewisvillerecruiting.com/college-search-tool,2026-09-23,,187
tarleton-state-texas-d1-fcs,Tarleton State,D1-FCS,UAC,Stephenville,Texas,https://tarletonsports.com/staff-directory/football-department/31,https://www.tarletonfootballcamps.com/,https://questionnaires.armssoftware.com/76605571e12e,https://x.com/TarletonFB,https://www.lewisvillerecruiting.com/college-search-tool,2026-09-23,https://a.espncdn.com/i/teamlogos/ncaa/500/2627.png,241
taylor-university-indiana-naia,Taylor University,NAIA,Crossroads,Upland,Indiana,https://taylor2023.prestosports.com/sports/fball/coaches/index,https://www.taylortrojans.com/camps,https://www.taylortrojans.com/Athletic_Recruits,https://x.com/TrojansFBL,https://www.lewisvillerecruiting.com/college-search-tool,2026-09-23,,731
tcu-texas-d1-fbs,TCU,D1-FBS,Big 12,Fort Worth,Texas,https://gofrogs.com/sports/football/coaches,https://sonnydykesfootballcamps.totalcamps.com/About%20Us,https://gofrogs.com/sports/football,https://x.com/TCUFootball,https://www.lewisvillerecruiting.com/college-search-tool,2026-09-23,https://a.espncdn.com/i/teamlogos/ncaa/500/2628.png,202
temple-pennsylvania-d1-fbs,Temple,D1-FBS,American,Philadelphia,Pennsylvania,https://owlsports.com/sports/football/coaches,https://owlsports.com/sports/2016/5/4/camps-and-clinics,https://www.fieldlevel.com/temple/football/recruiting,https://x.com/Temple_FB,https://www.lewisvillerecruiting.com/college-search-tool,2026-09-23,https://a.espncdn.com/i/teamlogos/ncaa/500/218.png,1250
tennessee-tennessee-d1-fbs,Tennessee,D1-FBS,SEC,Knoxville,Tennessee,https://utsports.com/sports/football/coaches,https://www.tennesseefootballcamp.com/index.cfm,https://www.fieldlevel.com/utk/football/recruiting,https://x.com/Vol_Football,https://www.lewisvillerecruiting.com/college-search-tool,2026-09-23,https://a.espncdn.com/i/teamlogos/ncaa/500/2633.png,759
tennessee-state-tennessee-d1-fcs,Tennessee State,D1-FCS,Ohio Valley,Nashville,Tennessee,https://tsutigers.com/sports/football/coaches,https://tsutigers.com/sports/football,https://tsutigers.com/sports/football,https://x.com/TSUTigersFB,https://www.lewisvillerecruiting.com/college-search-tool,2026-09-23,https://a.espncdn.com/i/teamlogos/ncaa/500/2634.png,599
tennessee-tech-tennessee-d1-fcs,Tennessee Tech,D1-FCS,Ohio Valley,Cookeville,Tennessee,https://www.ttusports.com/sports/fball/coaches/index,https://bobbywilderfootballcamps.totalcamps.com/About%20Us,https://www.fieldlevel.com/tntech/football/recruiting,https://x.com/TNTechFootball,https://www.lewisvillerecruiting.com/college-search-tool,2026-09-23,https://a.espncdn.com/i/teamlogos/ncaa/500/2635.png,671
texas-texas-d1-fbs,Texas,D1-FBS,SEC,Austin,Texas,https://texaslonghorns.com/sports/football/coaches,https://texaslonghorns.com/sports/2024/2/21/football-camp,https://texaslonghorns.com/sports/football,https://x.com/TexasFootball,https://www.lewisvillerecruiting.com/college-search-tool,2026-09-23,,372
texas-a-m-texas-d1-fbs,Texas A&M,D1-FBS,SEC,College Station,Texas,https://12thman.com/sports/football/roster#coaches,https://12thman.com/feature/footballcamp,https://12thman.com/sports/football,https://x.com/AggieFootball,https://www.lewisvillerecruiting.com/college-search-tool,2026-09-23,https://a.espncdn.com/i/teamlogos/ncaa/500/245.png,353
texas-a-m-university-kingsville-texas-d2,Texas A&M University - Kingsville,D2,LSC,Kingsville,Texas,https://javelinaathletics.com/sports/football/roster#sidearm-roster-coaches,https://javelinaathletics.com/sports/football,https://javelinaathletics.com/sports/football,https://x.com/javelinafb,https://www.lewisvillerecruiting.com/college-search-tool,2026-09-23,https://a.espncdn.com/i/teamlogos/ncaa/500/2658.png,563
texas-college-texas-naia,Texas College,NAIA,Red River,Tyler,Texas,https://www.tcsteersathletics.com/sports/fball/coaches/index,https://www.tcsteersathletics.com/sports/fball/index,https://www.fieldlevel.com/texascollege/football/recruiting,https://x.com/texascollege23,https://www.lewisvillerecruiting.com/college-search-tool,2026-09-23,,260
texas-lutheran-university-texas-d3,Texas Lutheran University,D3,SCAC,Seguin,Texas,https://tlubulldogs.com/sports/football/coaches,https://tlubulldogs.com/sports/2025/5/27/information-Sports-Camps-Information.aspx,https://questionnaires.armssoftware.com/91bc7705b30b,https://x.com/tlu_football,https://www.lewisvillerecruiting.com/college-search-tool,2026-09-23,https://a.espncdn.com/i/teamlogos/ncaa/500/2639.png,421
texas-southern-texas-d1-fcs,Texas Southern,D1-FCS,SWAC,Houston,Texas,https://tsusports.com/sports/football/coaches,https://www.texassouthernfootballcamps.com/index.cfm,https://tsusports.com/sports/football,https://x.com/TSUFootball,https://www.lewisvillerecruiting.com/college-search-tool,2026-09-23,https://a.espncdn.com/i/teamlogos/ncaa/500/2640.png,425
texas-state-texas-d1-fbs,Texas State,D1-FBS,Pac-12,San Marcos,Texas,https://txst.com/sports/football/coaches,https://www.coachkinnefootballcamps.com/,https://www.fieldlevel.com/txstate/football/recruiting,https://x.com/TXSTATEFOOTBALL,https://www.lewisvillerecruiting.com/college-search-tool,2026-09-23,https://a.espncdn.com/i/teamlogos/ncaa/500/326.png,400
texas-tech-texas-d1-fbs,Texas Tech,D1-FBS,Big 12,Lubbock,Texas,https://texastech.com/sports/football/coaches,https://www.texastechfootballcamps.com/,https://texastech.com/sports/football,https://x.com/TexasTechFB,https://www.lewisvillerecruiting.com/college-search-tool,2026-09-23,https://a.espncdn.com/i/teamlogos/ncaa/500/2641.png,287
texas-wesleyan-university-texas-naia,Texas Wesleyan University,NAIA,Sooner Athletic Conference,Fort Worth,Texas,https://ramsports.net/sports/football/coaches,https://ramsports.net/sports/football,https://www.frontrush.com/FR_Web_App/Player/noquestionnaires.aspx,https://x.com/txwesfootball,https://www.lewisvillerecruiting.com/college-search-tool,2026-09-23,,202
thaddeus-stevens-college-of-technology-pennsylvania-juco,Thaddeus Stevens College of Technology,JUCO,Independent,Lancaster,Pennsylvania,https://www.stevenscollege.edu/campus-life/athletics/football/,https://www.stevenscollege.edu/campus-life/athletics/football/,https://www.stevenscollege.edu/campus-life/athletics/football-request-information-form/,https://x.com/tsctfootball,https://www.lewisvillerecruiting.com/college-search-tool,2026-09-23,,1191
the-citadel-south-carolina-d1-fcs,The Citadel,D1-FCS,Southern,Charleston,South Carolina,https://citadelsports.com/sports/football/coaches,https://mauricedraytonfootball.totalcamps.com/About%20Us,https://college.jumpforward.com/questionnaire.aspx?iid=1708&sportid=18,https://x.com/CitadelFootball,https://www.lewisvillerecruiting.com/college-search-tool,2026-09-23,https://a.espncdn.com/i/teamlogos/ncaa/500/2643.png,1021
the-college-of-idaho-idaho-naia,The College of Idaho,NAIA,Cascade,Caldwell,Idaho,https://yoteathletics.com/sports/football/coaches,https://yoteathletics.com/sports/2012/7/29/GEN_0729120005,https://www.fieldlevel.com/collegeofidaho/football/recruiting,https://x.com/yotesfootball,https://www.lewisvillerecruiting.com/college-search-tool,2026-09-23,,1158
the-college-of-new-jersey-new-jersey-d3,The College of New Jersey,D3,NJAC,Ewing,New Jersey,https://tcnjathletics.com/sports/football/coaches,http://www.tcnjsportscamps.com/,https://tcnjathletics.com/sb_output.aspx?frform=17&path=fball,https://x.com/tcnjfootball,https://www.lewisvillerecruiting.com/college-search-tool,2026-09-23,https://a.espncdn.com/i/teamlogos/ncaa/500/2442.png,1272
the-college-of-st-scholastica-minnesota-d3,The College of St. Scholastica,D3,MIAC,Duluth,Minnesota,https://csssaints.com/sports/football/coaches,https://csssaints.com/sports/2017/11/1/camps-clinics.aspx,https://csssaints.com/sb_output.aspx?frform=5&path=football,https://x.com/CSSSaintsFB,https://www.lewisvillerecruiting.com/college-search-tool,2026-09-23,https://a.espncdn.com/i/teamlogos/ncaa/500/375.png,818
the-university-of-virginia-s-college-at-wise-virginia-d2,The University of Virginia's College at Wise,D2,SAC,Wise,Virginia,https://uvawisecavs.com/sports/football/coaches,https://uvawisefootball.totalcamps.com/About%20Us,https://questionnaires.armssoftware.com/eec45aac8ae5,https://x.com/UVAWiseCavsFB,https://www.lewisvillerecruiting.com/college-search-tool,2026-09-23,,834
thiel-college-pennsylvania-d3,Thiel College,D3,PAC,Greenville,Pennsylvania,https://thielathletics.com/sports/football/coaches,https://thielathletics.com/sports/football,https://www.thielathletics.com/sb_output.aspx?frform=2&path=football,https://x.com/thiel_football,https://www.lewisvillerecruiting.com/college-search-tool,2026-09-23,https://a.espncdn.com/i/teamlogos/ncaa/500/2644.png,1003
thomas-more-university-kentucky-naia,Thomas More University,NAIA,GMAC,Crestview Hills,Kentucky,https://thomasmoresaints.com/sports/football/coaches,https://thomasmorefootball.totalcamps.com/About%20Us,https://questionnaires.armssoftware.com/eeff89b47200,https://x.com/TMU_Football,https://www.lewisvillerecruiting.com/college-search-tool,2026-09-23,,745
thomas-university-georgia-naia,Thomas University,NAIA,Sun,Thomasville,Georgia,https://tunighthawks.com/sports/football/coaches,https://tunighthawks.com/sports/2022/4/13/tu-football-camps,https://tunighthawks.com/sports/football,https://x.com/NightHawksMFB,https://www.lewisvillerecruiting.com/college-search-tool,2026-09-23,,847
tiffin-university-ohio-d2,Tiffin University,D2,GMAC,Tiffin,Ohio,https://gotiffindragons.com/sports/football/coaches,https://gotiffindragons.com/sports/2023/9/21/information-camps-clinics-index.aspx,https://questionnaires.armssoftware.com/4850cce650f7,https://x.com/TUDragonFB,https://www.lewisvillerecruiting.com/college-search-tool,2026-09-23,https://a.espncdn.com/i/teamlogos/ncaa/500/2838.png,860
toledo-ohio-d1-fbs,Toledo,D1-FBS,MAC,Toledo,Ohio,https://utrockets.com/sports/football/coaches,https://football.toledocamps.com/camps.cfm,https://questionnaires.armssoftware.com/97ef9cb72419,https://x.com/ToledoFB,https://www.lewisvillerecruiting.com/college-search-tool,2026-09-23,https://a.espncdn.com/i/teamlogos/ncaa/500/2649.png,857
towson-maryland-d1-fcs,Towson,D1-FCS,CAA,Towson,Maryland,https://towsontigers.com/sports/football/coaches,https://shinnickfootballcamps.totalcamps.com/About%20Us,https://questionnaires.armssoftware.com/bcaa9def7793,https://x.com/Towson_FB,https://www.lewisvillerecruiting.com/college-search-tool,2026-09-23,https://a.espncdn.com/i/teamlogos/ncaa/500/119.png,1170
trine-university-indiana-d3,Trine University,D3,MIAA,Angola,Indiana,https://trinethunder.com/sports/football/coaches,https://trinethunder.com/sports/2024/5/30/information-camps-index.aspx,https://www.fieldlevel.com/trine/football/recruiting,https://x.com/TrineThunderFB,https://www.lewisvillerecruiting.com/college-search-tool,2026-09-23,https://a.espncdn.com/i/teamlogos/ncaa/500/2651.png,789
trinity-college-connecticut-connecticut-d3,Trinity College - Connecticut,D3,NESCAC,Hartford,Connecticut,https://bantamsports.com/sports/football/coaches,https://trinityfootballcamps.totalcamps.com/About%20Us,https://questionnaires.armssoftware.com/018957175dc6,https://x.com/trincollfb,https://www.lewisvillerecruiting.com/college-search-tool,2026-09-23,,1396
trinity-university-texas-texas-d3,Trinity University - Texas,D3,SCAC,San Antonio,Texas,https://trinitytigers.com/sports/football/coaches,https://trinityuniversityfootballcamps.totalcamps.com/About%20Us,https://www.fieldlevel.com/trinity/football/recruiting,https://x.com/TUFootballTX,https://www.lewisvillerecruiting.com/college-search-tool,2026-09-23,,434
trinity-valley-community-college-texas-juco,Trinity Valley Community College,JUCO,SWJCFC,Athens,Texas,https://www.tvccsports.com/sports/fball/coaches/index,https://www.tvccsports.com/sports/fball,https://www.fieldlevel.com/n9mgpmfk/football/recruiting,https://x.com/TVCCFOOTBALL,https://www.lewisvillerecruiting.com/college-search-tool,2026-09-23,,256
troy-alabama-d1-fbs,Troy,D1-FBS,Sun Belt,Troy,Alabama,https://troytrojans.com/sports/football/coaches,https://geradparkerfootballcamps.totalcamps.com/About%20Us,https://www.fieldlevel.com/troy/football/recruiting,https://x.com/TroyTrojansFB,https://www.lewisvillerecruiting.com/college-search-tool,2026-09-23,,712
truman-state-university-missouri-d2,Truman State University,D2,GLVC,Kirksville,Missouri,https://trumanbulldogs.com/sports/football/coaches,https://trumanbulldogs.com/sports/football,https://www.fieldlevel.com/truman/football/recruiting,https://x.com/truman_fb,https://www.lewisvillerecruiting.com/college-search-tool,2026-09-23,https://a.espncdn.com/i/teamlogos/ncaa/500/2654.png,412
tufts-university-massachusetts-d3,Tufts University,D3,NESCAC,Medford,Massachusetts,https://gotuftsjumbos.com/sports/football/coaches,https://gotuftsjumbos.com/sports/football,https://www.fieldlevel.com/tufts/football/recruiting,https://x.com/footballtufts,https://www.lewisvillerecruiting.com/college-search-tool,2026-09-23,https://a.espncdn.com/i/teamlogos/ncaa/500/112.png,1483
tulane-louisiana-d1-fbs,Tulane,D1-FBS,American,New Orleans,Louisiana,https://tulanegreenwave.com/sports/football/coaches,https://tulanegreenwave.com/sports/football,https://questionnaires.armssoftware.com/1c01a8dbf7a3,https://x.com/GreenWaveFB,https://www.lewisvillerecruiting.com/college-search-tool,2026-09-23,https://a.espncdn.com/i/teamlogos/ncaa/500/2655.png,583
tulsa-oklahoma-d1-fbs,Tulsa,D1-FBS,American,Tulsa,Oklahoma,https://tulsahurricane.com/sports/football/coaches,https://tulsahurricane.com/sports/football,https://tulsahurricane.com/sports/football,https://x.com/TulsaFootball,https://www.lewisvillerecruiting.com/college-search-tool,2026-09-23,https://a.espncdn.com/i/teamlogos/ncaa/500/202.png,90
tusculum-university-tennessee-d2,Tusculum University,D2,SAC,Tusculum,Tennessee,https://www.tusculumpioneers.com/sports/fball/coaches/index,https://www.tusculumpioneers.com/sports/fball,https://questionnaires.armssoftware.com/4b789221b442,https://x.com/tusculumfb,https://www.lewisvillerecruiting.com/college-search-tool,2026-09-23,https://a.espncdn.com/i/teamlogos/ncaa/500/2839.png,824
tuskegee-university-alabama-d2,Tuskegee University,D2,SIAC,Tuskegee,Alabama,https://goldentigersports.com/sports/football/roster#sidearm-roster-coaches,https://www.aaronjamesfootballcamps.com/,https://www.fieldlevel.com/7j6whwjq/football/recruiting,https://x.com/MyTUAthletics,https://www.lewisvillerecruiting.com/college-search-tool,2026-09-23,https://a.espncdn.com/i/teamlogos/ncaa/500/2657.png,710
tyler-junior-college-texas-juco,Tyler Junior College,JUCO,SWJCFC,Tyler,Texas,https://www.apacheathletics.com/sports/fball/coaches/index,https://www.apacheathletics.com/sports/fball,https://www.fieldlevel.com/tjc/football/recruiting,https://x.com/tjcfootball,https://www.lewisvillerecruiting.com/college-search-tool,2026-09-23,,260
uab-alabama-d1-fbs,UAB,D1-FBS,American,Birmingham,Alabama,https://uabsports.com/sports/football/coaches,https://uabsports.com/sports/2023/4/20/2023-uab-summer-camps,https://www.fieldlevel.com/uab/football/recruiting,https://x.com/UAB_FB,https://www.lewisvillerecruiting.com/college-search-tool,2026-09-23,https://a.espncdn.com/i/teamlogos/ncaa/500/5.png,625
uc-davis-california-d1-fcs,UC Davis,D1-FCS,Big Sky,Davis,California,https://ucdavisaggies.com/sports/football/coaches,https://ucdavisfootballcamps.totalcamps.com/About%20Us,https://questionnaires.armssoftware.com/54fb93553a2c,https://x.com/UCDfootball,https://www.lewisvillerecruiting.com/college-search-tool,2026-09-23,https://a.espncdn.com/i/teamlogos/ncaa/500/302.png,1348
ucf-florida-d1-fbs,UCF,D1-FBS,Big 12,Orlando,Florida,https://ucfknights.com/sports/football/roster#coaches,https://ucfknights.com/sports/football,https://ucfknights.com/sports/football,https://x.com/UCF_Football,https://www.lewisvillerecruiting.com/college-search-tool,2026-09-23,https://a.espncdn.com/i/teamlogos/ncaa/500/2116.png,1061
ucla-california-d1-fbs,UCLA,D1-FBS,Big Ten,Los Angeles,California,https://uclabruins.com/sports/football,https://uclabruins.com/camps,https://uclabruins.com/sports/football,https://x.com/UCLAFootball,https://www.lewisvillerecruiting.com/college-search-tool,2026-09-23,https://a.espncdn.com/i/teamlogos/ncaa/500/26.png,1180
uconn-connecticut-d1-fbs,UConn,D1-FBS,Independent,Storrs,Connecticut,https://uconnhuskies.com/sports/football/coaches,https://jimmorafootball.totalcamps.com/About%20Us,https://questionnaires.armssoftware.com/a34f74e9b093,https://x.com/UConnFootball,https://www.lewisvillerecruiting.com/college-search-tool,2026-09-23,https://a.espncdn.com/i/teamlogos/ncaa/500/41.png,1419
umass-massachusetts-d1-fbs,UMass,D1-FBS,MAC,Amherst,Massachusetts,https://umassathletics.com/sports/football/coaches,https://joeharasymiakfootball.totalcamps.com/About%20Us,https://questionnaires.armssoftware.com/f2df0deb984d,https://x.com/UMassFootball,https://www.lewisvillerecruiting.com/college-search-tool,2026-09-23,https://a.espncdn.com/i/teamlogos/ncaa/500/113.png,1412
union-college-new-york-new-york-d3,Union College - New York,D3,Liberty,Schenectady,New York,https://unionathletics.com/sports/football/coaches,https://unionathletics.com/sports/2024/3/20/2024-summer-sports-camps.aspx,https://questionnaires.armssoftware.com/b87aa6753f84,https://x.com/UnionCollegeFB,https://www.lewisvillerecruiting.com/college-search-tool,2026-09-23,,1348
union-commonwealth-university-kentucky-naia,Union Commonwealth University,NAIA,AAC,Barbourville,Kentucky,https://www.gounionbulldogs.com/sports/fball/coaches/index,https://www.gounionbulldogs.com/sports/fball/index,https://www.gounionbulldogs.com/sports/fball,https://x.com/unionbulldogfb,https://www.lewisvillerecruiting.com/college-search-tool,2026-09-23,,761
united-states-coast-guard-academy-connecticut-d3,United States Coast Guard Academy,D3,NEWMAC,New London,Connecticut,https://coastguardathletics.com/sports/football/coaches,https://coastguardathletics.com/sports/football,https://coastguardathletics.com/sports/2023/8/3/athlete-recruiting-info.aspx,https://x.com/uscga_football,https://www.lewisvillerecruiting.com/college-search-tool,2026-09-23,,1422
united-states-merchant-marine-academy-new-york-d3,United States Merchant Marine Academy,D3,Skyline,Kings Point,New York,http://www.usmmasports.com/sports/football/roster?path=football,http://www.usmmasports.com/sports/football,http://www.usmmasports.com/sports/football,https://x.com/USMMAFootball,https://www.lewisvillerecruiting.com/college-search-tool,2026-09-23,,1332
university-of-arkansas-at-monticello-arkansas-d2,University of Arkansas at Monticello,D2,GAC,Monticello,Arkansas,https://www.uamsports.com/sports/football/coaches,https://www.uamsports.com/sports/football,https://www.fieldlevel.com/uamont/football/recruiting,https://x.com/weevilfootball,https://www.lewisvillerecruiting.com/college-search-tool,2026-09-23,https://a.espncdn.com/i/teamlogos/ncaa/500/2028.png,352
university-of-central-missouri-missouri-d2,University of Central Missouri,D2,MIAA,Warrensburg,Missouri,https://ucmathletics.com/sports/football/coaches,https://www.mulesfootballcamps.com/,https://questionnaires.armssoftware.com/759a9193936b,https://x.com/UCMFootballTeam,https://www.lewisvillerecruiting.com/college-search-tool,2026-09-23,https://a.espncdn.com/i/teamlogos/ncaa/500/2118.png,298
university-of-central-oklahoma-oklahoma-d2,University of Central Oklahoma,D2,MIAA,Edmond,Oklahoma,https://bronchosports.com/sports/football/coaches,https://adamdorrelfootball.totalcamps.com/About%20Us,https://questionnaires.armssoftware.com/4e64987dd835,https://x.com/ucobronchofb,https://www.lewisvillerecruiting.com/college-search-tool,2026-09-23,https://a.espncdn.com/i/teamlogos/ncaa/500/2122.png,0
university-of-charleston-west-virginia-d2,University of Charleston,D2,MEC,Charleston,West Virginia,https://ucgoldeneagles.com/sports/football/coaches,https://ucgoldeneaglescamps.com/,https://questionnaires.armssoftware.com/42478c4f940f,https://x.com/ucwv_football,https://www.lewisvillerecruiting.com/college-search-tool,2026-09-23,,893
university-of-chicago-illinois-d3,University of Chicago,D3,UAA,Chicago,Illinois,https://athletics.uchicago.edu/sports/football/coaches,https://athletics.uchicago.edu/sports/2023/6/12/about-camps.aspx,https://athletics.uchicago.edu/sports/football,https://x.com/UChicagoFB,https://www.lewisvillerecruiting.com/college-search-tool,2026-09-23,https://a.espncdn.com/i/teamlogos/ncaa/500/80.png,680
university-of-dubuque-iowa-d3,University of Dubuque,D3,ARC,Dubuque,Iowa,https://udspartans.com/sports/football/coaches,https://udspartans.com/sports/2022/1/28/upcoming-ud-spartans-camps.aspx,https://www.fieldlevel.com/dbq/football/recruiting,https://x.com/dubuquefootball,https://www.lewisvillerecruiting.com/college-search-tool,2026-09-23,https://a.espncdn.com/i/teamlogos/ncaa/500/49.png,597
university-of-findlay-ohio-d2,University of Findlay,D2,GMAC,Findlay,Ohio,https://findlayoilers.com/sports/football/roster#sidearm-roster-coaches,https://findlayfootballcamps.totalcamps.com/About%20Us,https://www.fieldlevel.com/findlay/football/recruiting,https://x.com/ufoilersfb,https://www.lewisvillerecruiting.com/college-search-tool,2026-09-23,https://a.espncdn.com/i/teamlogos/ncaa/500/2224.png,835
university-of-indianapolis-indiana-d2,University of Indianapolis,D2,GLVC,Indianapolis,Indiana,https://athletics.uindy.edu/sports/football/coaches,https://uindycamps.com/,https://questionnaires.armssoftware.com/571c394ab65d?path=football,https://x.com/uindyfb,https://www.lewisvillerecruiting.com/college-search-tool,2026-09-23,https://a.espncdn.com/i/teamlogos/ncaa/500/2292.png,680
university-of-jamestown-north-dakota-naia,University of Jamestown,NAIA,Great Plains Athletic Conference,Jamestown,North Dakota,https://jimmiepride.com/sports/football/roster#sidearm-roster-coaches,https://jimmiepride.com/sports/football,https://jimmiepride.com/sports/2024/11/8/recruit-me.aspx,https://x.com/jimmiefootball,https://www.lewisvillerecruiting.com/college-search-tool,2026-09-23,,780
university-of-la-verne-california-d3,University of La Verne,D3,SCIAC,La Verne,California,https://leopardathletics.com/sports/football/coaches,https://leopardathletics.com/sports/2025/5/13/football-camps.aspx,https://questionnaires.armssoftware.com/95b07506f5b7,https://x.com/ulv_football,https://www.lewisvillerecruiting.com/college-search-tool,2026-09-23,https://a.espncdn.com/i/teamlogos/ncaa/500/2318.png,1153
university-of-mary-north-dakota-d2,University of Mary,D2,NSIC,Bismarck,North Dakota,https://goumary.com/sports/football/coaches,https://www.maraudersfootballcamps.com/,https://www.fieldlevel.com/umary/football/recruiting,https://x.com/UMaryFootball,https://www.lewisvillerecruiting.com/college-search-tool,2026-09-23,https://a.espncdn.com/i/teamlogos/ncaa/500/559.png,789
university-of-mary-hardin-baylor-texas-d3,University of Mary Hardin-Baylor,D3,ASC,Belton,Texas,https://cruathletics.com/sports/football/coaches,https://cruathletics.com/sports/camps/schedule,https://www.fieldlevel.com/umhb/football/recruiting,https://x.com/CruFootball,https://www.lewisvillerecruiting.com/college-search-tool,2026-09-23,https://a.espncdn.com/i/teamlogos/ncaa/500/2371.png,318
university-of-massachusetts-dartmouth-massachusetts-d3,University of Massachusetts - Dartmouth,D3,MASCAC,North Dartmouth,Massachusetts,https://corsairathletics.com/staff-directory/football-department/7,https://corsairathletics.com/sports/football?path=football,https://questionnaires.armssoftware.com/03ad0636b738?path=football,https://x.com/corsairfootball,https://www.lewisvillerecruiting.com/college-search-tool,2026-09-23,,1482
university-of-minnesota-duluth-minnesota-d2,University of Minnesota - Duluth,D2,NSIC,Duluth,Minnesota,https://umdbulldogs.com/sports/football/coaches,https://umdbulldogsportcamps.com/,https://www.fieldlevel.com/umn-duluth/football/recruiting,https://x.com/UMD_Football,https://www.lewisvillerecruiting.com/college-search-tool,2026-09-23,https://a.espncdn.com/i/teamlogos/ncaa/500/134.png,818
university-of-minnesota-morris-minnesota-d3,University of Minnesota - Morris,D3,UMAC,Morris,Minnesota,https://morriscougars.com/sports/football/coaches,https://morriscougars.com/sports/2020/1/6/camps-clinics.aspx?path=general#Football,https://morriscougars.com/sports/2010/4/2/FB_questionnaire.aspx,https://x.com/ummfootball,https://www.lewisvillerecruiting.com/college-search-tool,2026-09-23,https://a.espncdn.com/i/teamlogos/ncaa/500/2399.png,691
university-of-montana-western-montana-naia,University of Montana - Western,NAIA,Frontier Conference,Dillon,Montana,https://umwbulldogs.com/sports/football/coaches,https://umwbulldogs.com/sports/2019/5/30/camps.aspx,https://questionnaires.armssoftware.com/b0fb10cd0c64,https://x.com/UMWFootball,https://www.lewisvillerecruiting.com/college-search-tool,2026-09-23,https://a.espncdn.com/i/teamlogos/ncaa/500/2701.png,1032
university-of-mount-union-ohio-d3,University of Mount Union,D3,OAC,Alliance,Ohio,https://athletics.mountunion.edu/sports/football/coaches,https://www.mountunionsportscamps.com/,https://athletics.mountunion.edu/sports/football,https://x.com/mountunionfb,https://www.lewisvillerecruiting.com/college-search-tool,2026-09-23,https://a.espncdn.com/i/teamlogos/ncaa/500/426.png,958
university-of-nebraska-at-kearney-nebraska-d2,University of Nebraska at Kearney,D2,MIAA,Kearney,Nebraska,https://lopers.com/sports/football/coaches,https://football.lopercamps.com/,https://questionnaires.armssoftware.com/d388bb15000c,https://x.com/unk_football,https://www.lewisvillerecruiting.com/college-search-tool,2026-09-23,https://a.espncdn.com/i/teamlogos/ncaa/500/2438.png,359
university-of-new-england-maine-d3,University of New England,D3,CCC Football,Biddeford,Maine,https://athletics.une.edu/sports/football/roster#sidearm-roster-coaches,https://athletics.une.edu/sports/2016/2/11/gen_camps_clinics.aspx,https://questionnaires.armssoftware.com/3368ea3cabc9,https://x.com/unefootball,https://www.lewisvillerecruiting.com/college-search-tool,2026-09-23,https://a.espncdn.com/i/teamlogos/ncaa/500/111675.png,1529
university-of-north-carolina-at-pembroke-north-carolina-d2,University of North Carolina at Pembroke,D2,Conference Carolinas,Pembroke,North Carolina,https://uncpbraves.com/sports/football/coaches,https://uncpbraves.com/sports/2016/6/10/sports-camps.aspx,https://uncpbraves.com/sports/football,https://x.com/uncp_football,https://www.lewisvillerecruiting.com/college-search-tool,2026-09-23,,1033
university-of-northwestern-st-paul-minnesota-d3,University of Northwestern - St. Paul,D3,UMAC,Roseville,Minnesota,https://unweagles.com/sports/football/coaches,https://unweagles.com/sports/2011/11/15/gen_1115113111.aspx,https://unweagles.com/sports/2015/6/2/FB_0602155619.aspx?id=319,https://x.com/unwfb,https://www.lewisvillerecruiting.com/college-search-tool,2026-09-23,,685
university-of-olivet-michigan-d3,University of Olivet,D3,MIAA,Olivet,Michigan,https://www.olivetcomets.com/sports/fball/coaches/index,https://www.olivetcomets.com/sports/fball,https://www.olivetcomets.com/sports/fball,https://x.com/uolivetfootball,https://www.lewisvillerecruiting.com/college-search-tool,2026-09-23,https://a.espncdn.com/i/teamlogos/ncaa/500/354.png,819
university-of-pikeville-kentucky-naia,University of Pikeville,NAIA,Mid-South Conference,Pikeville,Kentucky,https://upikebears.com/sports/football/coaches,https://upikebears.com/sports/football,https://questionnaires.armssoftware.com/9ed98abcb93b,https://x.com/upikefootball,https://www.lewisvillerecruiting.com/college-search-tool,2026-09-23,,839
university-of-puget-sound-washington-d3,University of Puget Sound,D3,NWC,Tacoma,Washington,https://loggerathletics.com/sports/football/coaches,https://loggerathletics.com/sports/2021/5/25/information-camps-loggercamps.aspx,https://loggerathletics.com/sports/football,https://x.com/PSLoggers,https://www.lewisvillerecruiting.com/college-search-tool,2026-09-23,https://a.espncdn.com/i/teamlogos/ncaa/500/2508.png,1511
university-of-redlands-california-d3,University of Redlands,D3,SCIAC,Redlands,California,https://goredlands.com/sports/football/coaches,https://goredlands.com/sports/2023/7/24/Fan-Central-Camps-Clinics-general.aspx,https://www.fieldlevel.com/redlands/football/recruiting,https://x.com/uofr_football,https://www.lewisvillerecruiting.com/college-search-tool,2026-09-23,https://a.espncdn.com/i/teamlogos/ncaa/500/29.png,1121
university-of-rio-grande-ohio-naia,University of Rio Grande,NAIA,AAC,Rio Grande,Ohio,https://www.rioredstorm.com/sports/fball/coaches/index,https://www.rioredstorm.com/sports/fball/index,https://www.rioredstorm.com/sports/fball,https://x.com/URGFootball,https://www.lewisvillerecruiting.com/college-search-tool,2026-09-23,,858
university-of-rochester-new-york-d3,University of Rochester,D3,UAA,Rochester,New York,https://uofrathletics.com/sports/football/coaches,https://www.rochester.edu/athletics/camps-clinics/football.html,https://questionnaires.armssoftware.com/92a4ac084b87,https://x.com/uofrfootball,https://www.lewisvillerecruiting.com/college-search-tool,2026-09-23,,1176
university-of-saint-francis-fort-wayne-indiana-naia,University of Saint Francis-Fort Wayne,NAIA,Crossroads,Fort Wayne,Indiana,https://www.saintfranciscougars.com/sports/fball/coaches/index,https://www.saintfranciscougars.com/sports/fball,https://www.saintfranciscougars.com/sports/fball,https://x.com/usf_fb,https://www.lewisvillerecruiting.com/college-search-tool,2026-09-23,,767
university-of-saint-mary-kansas-naia,University of Saint Mary,NAIA,Kansas Collegiate Athletic Conference,Leavenworth,Kansas,https://www.gospires.com/sports/football/coaches,https://www.gospires.com/sports/football,https://www.fieldlevel.com/stmary/football/recruiting,https://x.com/Spire_Football,https://www.lewisvillerecruiting.com/college-search-tool,2026-09-23,,289
university-of-sioux-falls-south-dakota-d2,University of Sioux Falls,D2,NSIC,Sioux Falls,South Dakota,https://usfcougars.com/sports/football/coaches,https://webapps.usiouxfalls.edu/athletics/camps/football,https://www.fieldlevel.com/usiouxfalls/football/recruiting,https://x.com/USFCougarsFB,https://www.lewisvillerecruiting.com/college-search-tool,2026-09-23,https://a.espncdn.com/i/teamlogos/ncaa/500/2894.png,547
university-of-st-francis-illinois-illinois-naia,University of St. Francis - Illinois,NAIA,CCAC,Joliet,Illinois,https://gofightingsaints.com/staff-directory/football-department/13,https://gofightingsaints.com/sports/2021/6/16/camps-and-clinics.aspx,https://www.saintfranciscougars.com/football-recruits-registration,https://x.com/usfsaintsfb,https://www.lewisvillerecruiting.com/college-search-tool,2026-09-23,,649
university-of-texas-permian-basin-texas-d2,University of Texas - Permian Basin,D2,LSC,Odessa,Texas,https://utpbfalcons.com/sports/football/coaches,https://utpbfalcons.com/sports/football,https://questionnaires.armssoftware.com/27b04b97545a,https://x.com/utpbfootball,https://www.lewisvillerecruiting.com/college-search-tool,2026-09-23,,385
university-of-the-cumberlands-kentucky-naia,University of the Cumberlands,NAIA,Mid-South Conference,Williamsburg,Kentucky,https://cumberlandspatriots.com/sports/football/coaches,https://cumberlandspatriots.com/sports/football,https://www.fieldlevel.com/ucumberlands/football/recruiting,https://x.com/ucpatriotfball,https://www.lewisvillerecruiting.com/college-search-tool,2026-09-23,,746
university-of-west-alabama-alabama-d2,University of West Alabama,D2,Gulf South,Livingston,Alabama,https://uwaathletics.com/sports/football/coaches,https://www.uwafootballcamps.com/,https://questionnaires.armssoftware.com/a0c5b8874e91,https://x.com/uwa_football,https://www.lewisvillerecruiting.com/college-search-tool,2026-09-23,https://a.espncdn.com/i/teamlogos/ncaa/500/2695.png,572
university-of-wisconsin-eau-claire-wisconsin-d3,University of Wisconsin - Eau Claire,D3,WIAC,Eau Claire,Wisconsin,https://blugolds.com/sports/football/coaches,https://blugolds.com/sports/2023/7/20/football-camps.aspx,https://blugolds.com/sports/football,https://x.com/uwecfootball,https://www.lewisvillerecruiting.com/college-search-tool,2026-09-23,https://a.espncdn.com/i/teamlogos/ncaa/500/2738.png,707
university-of-wisconsin-la-crosse-wisconsin-d3,University of Wisconsin - La Crosse,D3,WIAC,La Crosse,Wisconsin,https://uwlathletics.com/sports/football/coaches,https://football.uwlcamps.com/index.cfm,https://uwlathletics.com/sb_output.aspx?frform=20&path=football&,https://x.com/UWLEagleFB,https://www.lewisvillerecruiting.com/college-search-tool,2026-09-23,https://a.espncdn.com/i/teamlogos/ncaa/500/2740.png,653
university-of-wisconsin-oshkosh-wisconsin-d3,University of Wisconsin - Oshkosh,D3,WIAC,Oshkosh,Wisconsin,https://uwoshkoshtitans.com/sports/football/coaches,https://football.uwoshkoshsportscamps.com/,https://uwoshkoshtitans.com/sports/football,https://x.com/uwofootball,https://www.lewisvillerecruiting.com/college-search-tool,2026-09-23,https://a.espncdn.com/i/teamlogos/ncaa/500/271.png,747
university-of-wisconsin-platteville-wisconsin-d3,University of Wisconsin - Platteville,D3,WIAC,Platteville,Wisconsin,https://letsgopioneers.com/sports/football/coaches,https://letsgopioneers.com/sports/2025/5/15/2025-football-camps.aspx,https://letsgopioneers.com/sports/2025/6/5/uw-platteville-football-recruit-questionnaire.aspx,https://x.com/UWPlattfootball,https://www.lewisvillerecruiting.com/college-search-tool,2026-09-23,https://a.espncdn.com/i/teamlogos/ncaa/500/272.png,616
university-of-wisconsin-river-falls-wisconsin-d3,University of Wisconsin - River Falls,D3,WIAC,River Falls,Wisconsin,https://uwrfsports.com/sports/football/coaches,https://uwrfsports.com/sports/2010/6/24/camps?&tab=2,https://www.fieldlevel.com/uwrf/football/recruiting,https://x.com/UWRFFootball,https://www.lewisvillerecruiting.com/college-search-tool,2026-09-23,https://a.espncdn.com/i/teamlogos/ncaa/500/2723.png,685
university-of-wisconsin-stevens-point-wisconsin-d3,University of Wisconsin - Stevens Point,D3,WIAC,Stevens Point,Wisconsin,https://athletics.uwsp.edu/sports/football/coaches,https://athletics.uwsp.edu/sports/2013/4/2/FB_0402132853.aspx?path=football,https://athletics.uwsp.edu/sb_output.aspx?frform=5&path=football,https://x.com/uwspfootball,https://www.lewisvillerecruiting.com/college-search-tool,2026-09-23,https://a.espncdn.com/i/teamlogos/ncaa/500/2743.png,741
university-of-wisconsin-stout-wisconsin-d3,University of Wisconsin - Stout,D3,WIAC,Menomonie,Wisconsin,https://stoutbluedevils.com/sports/football/coaches,https://football.uwstoutsportscamps.com/index.cfm,https://stoutbluedevils.com/sb_output.aspx?frform=1&path=football,https://x.com/UWStoutFootball,https://www.lewisvillerecruiting.com/college-search-tool,2026-09-23,https://a.espncdn.com/i/teamlogos/ncaa/500/2744.png,701
university-of-wisconsin-whitewater-wisconsin-d3,University of Wisconsin - Whitewater,D3,WIAC,Whitewater,Wisconsin,https://uwwsports.com/sports/football/coaches,https://www.uww.edu/ce/camps/athletic/football?path=football,https://www.fieldlevel.com/uww/football/recruiting,https://x.com/warhawkfootball,https://www.lewisvillerecruiting.com/college-search-tool,2026-09-23,https://a.espncdn.com/i/teamlogos/ncaa/500/2745.png,681
unlv-nevada-d1-fbs,UNLV,D1-FBS,Mountain West,Las Vegas,Nevada,https://unlvrebels.com/sports/football/coaches,https://unlvrebels.com/sports/2018/5/18/camps.aspx#football,https://questionnaires.armssoftware.com/6f8b6c2472a1,https://x.com/unlvfootball,https://www.lewisvillerecruiting.com/college-search-tool,2026-09-23,https://a.espncdn.com/i/teamlogos/ncaa/500/2439.png,987
upper-iowa-university-iowa-d2,Upper Iowa University,D2,NSIC,Fayette,Iowa,https://uiupeacocks.com/sports/football/coaches,https://www.peacocksfootballcamps.com/,https://www.fieldlevel.com/uiu/football/recruiting,https://x.com/Upper_Iowa_FB,https://www.lewisvillerecruiting.com/college-search-tool,2026-09-23,https://a.espncdn.com/i/teamlogos/ncaa/500/389.png,582
ursinus-college-pennsylvania-d3,Ursinus College,D3,Centennial,Collegeville,Pennsylvania,https://ursinusathletics.com/staff-directory,https://www.ursinuscamps.com/index.cfm,https://www.fieldlevel.com/ursinus/football/recruiting,https://x.com/UrsinusFootball,https://www.lewisvillerecruiting.com/college-search-tool,2026-09-23,https://a.espncdn.com/i/teamlogos/ncaa/500/2667.png,1237
usc-california-d1-fbs,USC,D1-FBS,Big Ten,Los Angeles,California,https://usctrojans.com/sports/football/coaches,https://www.rileyfootballcamp.com/,https://college.jumpforward.com/questionnaire.aspx?iid=407&sportid=18,https://x.com/uscfb,https://www.lewisvillerecruiting.com/college-search-tool,2026-09-23,https://a.espncdn.com/i/teamlogos/ncaa/500/30.png,1180
ut-martin-tennessee-d1-fcs,UT Martin,D1-FCS,Ohio Valley,Martin,Tennessee,https://utmsports.com/sports/football/coaches,https://secure.touchnet.com/C21608_ustores/web/store_main.jsp?STOREID=2&SINGLESTORE=true,https://www.fieldlevel.com/utm/football/recruiting,https://x.com/UTM_FOOTBALL,https://www.lewisvillerecruiting.com/college-search-tool,2026-09-23,https://a.espncdn.com/i/teamlogos/ncaa/500/2630.png,484
utah-utah-d1-fbs,Utah,D1-FBS,Big 12,Salt Lake City,Utah,https://utahutes.com/sports/football/coaches,https://www.utahfootballcamps.com/,https://utahutes.com/sports/football,https://x.com/Utah_Football,https://www.lewisvillerecruiting.com/college-search-tool,2026-09-23,https://a.espncdn.com/i/teamlogos/ncaa/500/254.png,857
utah-state-utah-d1-fbs,Utah State,D1-FBS,Pac-12,Logan,Utah,https://utahstateaggies.com/sports/football/coaches,https://utahstateaggies.com/sports/2018/6/12/camps-ust-camps-html.aspx,https://questionnaires.armssoftware.com/6c5f86740feb,https://x.com/USUFootball,https://www.lewisvillerecruiting.com/college-search-tool,2026-09-23,https://a.espncdn.com/i/teamlogos/ncaa/500/328.png,879
utah-tech-utah-d1-fcs,Utah Tech,D1-FCS,Big Sky,St. George,Utah,https://utahtechtrailblazers.com/sports/football/roster#sidearm-roster-coaches,https://utahtechtrailblazers.com/sports/2010/6/3/MBB_0603102138.aspx,https://questionnaires.armssoftware.com/5b94f7f7f864,https://x.com/UtahTech_Fball,https://www.lewisvillerecruiting.com/college-search-tool,2026-09-23,https://a.espncdn.com/i/teamlogos/ncaa/500/3101.png,900
utep-texas-d1-fbs,UTEP,D1-FBS,Mountain West,El Paso,Texas,https://utepminers.com/sports/football/coaches,https://utepfootballcamps.com/camps,https://utepminers.com/sports/football,https://x.com/UTEPFB,https://www.lewisvillerecruiting.com/college-search-tool,2026-09-23,https://a.espncdn.com/i/teamlogos/ncaa/500/2638.png,583
utica-university-new-york-d3,Utica University,D3,Empire 8,Utica,New York,https://uticapioneers.com/sports/football/coaches,https://www.tntfootballcamps.com/,https://uticapioneers.com/sb_output.aspx?frform=4,https://x.com/Utica_Football,https://www.lewisvillerecruiting.com/college-search-tool,2026-09-23,https://a.espncdn.com/i/teamlogos/ncaa/500/390.png,1290
utrgv-texas-d1-fcs,UTRGV,D1-FCS,Southland,Edinburg,Texas,https://goutrgv.com/sports/football/coaches,https://goutrgv.com/sports/2024/4/15/football-camps.aspx,https://goutrgv.com/sports/football,https://x.com/utrgvfootball,https://www.lewisvillerecruiting.com/college-search-tool,2026-09-23,,647
utsa-texas-d1-fbs,UTSA,D1-FBS,American,San Antonio,Texas,https://goutsa.com/sports/football/roster,https://www.utsafootballcamps.com/,https://questionnaires.armssoftware.com/1a6c084f40d1,https://x.com/UTSAFTBL,https://www.lewisvillerecruiting.com/college-search-tool,2026-09-23,https://a.espncdn.com/i/teamlogos/ncaa/500/2636.png,434
valdosta-state-university-georgia-d2,Valdosta State University,D2,Gulf South,Valdosta,Georgia,https://vstateblazers.com/sports/football,https://www.grahamcraigfootballcamps.com/?path=football,https://vstateblazers.com/sports/football,https://x.com/VState_Football,https://www.lewisvillerecruiting.com/college-search-tool,2026-09-23,https://a.espncdn.com/i/teamlogos/ncaa/500/2673.png,884
valley-city-state-university-north-dakota-naia,Valley City State University,NAIA,Frontier Conference,Valley City,North Dakota,https://vcsuvikings.com/sports/football/coaches,https://www.vcsufootballcamps.com/,https://vcsuvikings.com/sports/2023/1/26/8893_133192469594697361.aspx,https://x.com/vcsuvikings,https://www.lewisvillerecruiting.com/college-search-tool,2026-09-23,,779
valparaiso-indiana-d1-fcs,Valparaiso,D1-FCS,Pioneer,Valparaiso,Indiana,https://valpoathletics.com/sports/football/coaches,https://www.valpofootballcamps.com/,https://valpoathletics.com/sports/football,https://x.com/valpoufootball,https://www.lewisvillerecruiting.com/college-search-tool,2026-09-23,https://a.espncdn.com/i/teamlogos/ncaa/500/2674.png,691
vanderbilt-tennessee-d1-fbs,Vanderbilt,D1-FBS,SEC,Nashville,Tennessee,https://vucommodores.com/sports/football/roster,http://vanderbiltfootballcamps.com/,https://vucommodores.com/prospective-student-athlete-questionnaire/,https://x.com/VandyFootball,https://www.lewisvillerecruiting.com/college-search-tool,2026-09-23,https://a.espncdn.com/i/teamlogos/ncaa/500/238.png,599
ventura-college-california-juco,Ventura College,JUCO,Northern,Ventura,California,https://www.vcweplayhard.com/sports/fball/coaches/home-index,https://www.vcweplayhard.com/sports/fball/index,https://www.fieldlevel.com/venturacoll/football/recruiting,https://x.com/vcpiratefb,https://www.lewisvillerecruiting.com/college-search-tool,2026-09-23,,1236
vermilion-community-college-minnesota-juco,Vermilion Community College,JUCO,Minnesota College Athletic Conference,Ely,Minnesota,https://www.vermilionathletics.com/sports/fball/coaches/index,https://www.vermilionathletics.com/sports/fball/index,https://www.vermilionathletics.com/sports/fball,https://x.com/MnNorthCollege,https://www.lewisvillerecruiting.com/college-search-tool,2026-09-23,,894
victor-valley-college-california-juco,Victor Valley College,JUCO,Mountain,Victorville,California,https://athletics.vvc.edu/sports/fball/coaches/index,https://athletics.vvc.edu/sports/fball/index,https://athletics.vvc.edu/sports/fball,https://x.com/vvcfootball,https://www.lewisvillerecruiting.com/college-search-tool,2026-09-23,,1121
villanova-pennsylvania-d1-fcs,Villanova,D1-FCS,Patriot,Villanova,Pennsylvania,https://villanova.com/sports/football/coaches,https://villanovafootballcamps.totalcamps.com/About%20Us,https://questionnaires.armssoftware.com/66dc8064db9f,https://x.com/novafootball,https://www.lewisvillerecruiting.com/college-search-tool,2026-09-23,https://a.espncdn.com/i/teamlogos/ncaa/500/222.png,1241
virginia-virginia-d1-fbs,Virginia,D1-FBS,ACC,Charlottesville,Virginia,https://virginiasports.com/sports/football/roster#staff,https://tonyelliottfootballcamp.totalcamps.com/About%20Us,https://questionnaires.armssoftware.com/eec45aac8ae5,https://x.com/UVAFootball,https://www.lewisvillerecruiting.com/college-search-tool,2026-09-23,https://a.espncdn.com/i/teamlogos/ncaa/500/258.png,1062
virginia-state-university-virginia-d2,Virginia State University,D2,CIAA,Ettrick,Virginia,https://govsutrojans.com/sports/football/coaches,https://govsutrojans.com/sports/2012/8/29/Summer%20Camps.aspx,https://govsutrojans.com/sports/football,https://x.com/vsu_football,https://www.lewisvillerecruiting.com/college-search-tool,2026-09-23,https://a.espncdn.com/i/teamlogos/ncaa/500/330.png,1118
virginia-tech-virginia-d1-fbs,Virginia Tech,D1-FBS,ACC,Blacksburg,Virginia,https://hokiesports.com/sports/football/roster#coaches,https://virginiatechfootball.totalcamps.com/About%20Us,https://hokiesports.com/sports/football,https://x.com/HokiesFB,https://www.lewisvillerecruiting.com/college-search-tool,2026-09-23,https://a.espncdn.com/i/teamlogos/ncaa/500/259.png,953
virginia-union-university-virginia-d2,Virginia Union University,D2,CIAA,Richmond,Virginia,https://vuusports.com/sports/football/coaches,http://www.vuumegacamp.com/,https://www.fieldlevel.com/j6hxkqpk/football/recruiting,https://x.com/vuu_football,https://www.lewisvillerecruiting.com/college-search-tool,2026-09-23,https://a.espncdn.com/i/teamlogos/ncaa/500/2676.png,1116
vmi-virginia-d1-fcs,VMI,D1-FCS,Southern,Lexington,Virginia,https://vmikeydets.com/sports/football/coaches,https://vmikeydets.com/sports/2023/6/6/vmi-football-camps.aspx,https://questionnaires.armssoftware.com/271a6340d276?path=football,https://x.com/VMI_Football,https://www.lewisvillerecruiting.com/college-search-tool,2026-09-23,https://a.espncdn.com/i/teamlogos/ncaa/500/2678.png,1008
wabash-college-indiana-d3,Wabash College,D3,NCAC,Crawfordsville,Indiana,https://sports.wabash.edu/sports/football/coaches,https://www.campsatwabash.com/index.cfm,https://sports.wabash.edu/sb_output.aspx?frform=1&path=football,https://x.com/WabashFB,https://www.lewisvillerecruiting.com/college-search-tool,2026-09-23,https://a.espncdn.com/i/teamlogos/ncaa/500/89.png,653
wagner-new-york-d1-fcs,Wagner,D1-FCS,Northeast,New York,New York,https://wagnerathletics.com/sports/football/coaches,https://wagnercollegefootball.totalcamps.com/About%20Us,https://questionnaires.armssoftware.com/cd9e81f90620,https://x.com/Wagner_Football,https://www.lewisvillerecruiting.com/college-search-tool,2026-09-23,https://a.espncdn.com/i/teamlogos/ncaa/500/2681.png,1317
wake-forest-north-carolina-d1-fbs,Wake Forest,D1-FBS,ACC,Winston-Salem,North Carolina,https://godeacs.com/sports/football/coaches,https://godeacs.com/sports/football,https://questionnaires.armssoftware.com/b35995e9775c,https://x.com/WakeFB,https://www.lewisvillerecruiting.com/college-search-tool,2026-09-23,https://a.espncdn.com/i/teamlogos/ncaa/500/154.png,964
waldorf-university-iowa-naia,Waldorf University,NAIA,Great Plains Athletic Conference,Forest City,Iowa,https://www.waldorfwarriors.com/sports/fball/coaches/index,https://www.waldorfwarriors.com/sports/fball/index,https://www.fieldlevel.com/waldorf/football/recruiting,https://x.com/wu_football,https://www.lewisvillerecruiting.com/college-search-tool,2026-09-23,,564
walsh-university-ohio-d2,Walsh University,D2,GMAC,Canton,Ohio,https://athletics.walsh.edu/sports/football/coaches,https://athletics.walsh.edu/sports/football,https://www.fieldlevel.com/walsh/football/recruiting,https://x.com/walshufootball,https://www.lewisvillerecruiting.com/college-search-tool,2026-09-23,https://a.espncdn.com/i/teamlogos/ncaa/500/2682.png,942
warner-university-florida-naia,Warner University,NAIA,Sun,Lake Wales,Florida,https://warnerroyals.com/sports/football/roster#sidearm-roster-coaches,https://warnerroyals.com/sports/2022/3/31/warner-football-prospect-camp.aspx,https://www.fieldlevel.com/warner/Football/recruiting,https://x.com/WarnerUFootball,https://www.lewisvillerecruiting.com/college-search-tool,2026-09-23,,1074
wartburg-college-iowa-d3,Wartburg College,D3,ARC,Waverly,Iowa,https://go-knights.net/sports/football/coaches,https://www.wartburgfootballcamps.com/,https://go-knights.net/sb_output.aspx?frform=4&path=football,https://x.com/wartburgfb,https://www.lewisvillerecruiting.com/college-search-tool,2026-09-23,https://a.espncdn.com/i/teamlogos/ncaa/500/2685.png,557
washburn-university-kansas-d2,Washburn University,D2,MIAA,Topeka,Kansas,https://wusports.com/sports/football/coaches,https://wusports.com/sports/2023/2/16/football-camps.aspx,https://wusports.com/sports/football,https://x.com/ichabodftbl,https://www.lewisvillerecruiting.com/college-search-tool,2026-09-23,https://a.espncdn.com/i/teamlogos/ncaa/500/2687.png,255
washington-washington-d1-fbs,Washington,D1-FBS,Big Ten,Seattle,Washington,https://gohuskies.com/sports/football/coaches,https://gohuskies.com/sports/2013/4/18/208228730,https://www.fieldlevel.com/washington/football/recruiting,https://x.com/uw_football,https://www.lewisvillerecruiting.com/college-search-tool,2026-09-23,https://a.espncdn.com/i/teamlogos/ncaa/500/264.png,1516
washington-jefferson-college-pennsylvania-d3,Washington & Jefferson College,D3,PAC,Washington,Pennsylvania,https://gopresidents.com/sports/football/coaches,https://gopresidents.com/sports/2014/4/2/FB_0402141640.aspx,https://gopresidents.com/sb_output.aspx?frform=7&path=football,https://x.com/wjfootball,https://www.lewisvillerecruiting.com/college-search-tool,2026-09-23,https://a.espncdn.com/i/teamlogos/ncaa/500/2686.png,988
washington-lee-university-virginia-d3,Washington & Lee University,D3,ODAC,Lexington,Virginia,https://generalssports.com/sports/football/coaches,https://generalssports.com/sports/2019/9/10/information-camps-index.aspx,https://generalssports.com/sports/2019/9/10/information-prospective-athletes-fballfrush.aspx,https://x.com/Generals_Fball,https://www.lewisvillerecruiting.com/college-search-tool,2026-09-23,https://a.espncdn.com/i/teamlogos/ncaa/500/2688.png,1008
washington-state-washington-d1-fbs,Washington State,D1-FBS,Pac-12,Pullman,Washington,https://wsucougars.com/sports/football/roster#coaches,https://wsufootballcamps.totalcamps.com/About%20Us,https://questionnaires.armssoftware.com/07fbe4e87211,https://x.com/WSUCougarFB,https://www.lewisvillerecruiting.com/college-search-tool,2026-09-23,https://a.espncdn.com/i/teamlogos/ncaa/500/265.png,1273
washington-university-in-st-louis-missouri-d3,Washington University in St. Louis,D3,CCIW,St. Louis,Missouri,https://washubears.com/sports/football/coaches,https://washubears.com/sports/2022/6/6/summer-camps-football-Prospect-Football-Camp.aspx,https://washubears.com/sports/2022/8/2/football-recruiting-questionnaire.aspx,https://x.com/washufootball,https://www.lewisvillerecruiting.com/college-search-tool,2026-09-23,,450
wayland-baptist-university-texas-naia,Wayland Baptist University,NAIA,Sooner Athletic Conference,Plainview,Texas,https://wbuathletics.com/sports/football/roster#sidearm-roster-coaches,https://wbuathletics.com/news/2023/5/6/football-prospect-camp-open-to-hs-juniors-seniors.aspx,https://wbuathletics.com/sports/football,https://x.com/wbufootball,https://www.lewisvillerecruiting.com/college-search-tool,2026-09-23,,260
wayne-state-college-nebraska-d2,Wayne State College,D2,NSIC,Wayne,Nebraska,https://wscwildcats.com/sports/football/roster#sidearm-roster-coaches,https://www.wscfootballcamps.com/,https://wscwildcats.com/sb_output.aspx?frform=3,https://x.com/waynestfootball,https://www.lewisvillerecruiting.com/college-search-tool,2026-09-23,,455
wayne-state-university-michigan-d2,Wayne State University,D2,GLIAC,Detroit,Michigan,https://wsuathletics.com/sports/football/coaches,https://wsuathletics.com/sports/2009/9/28/camps.aspx,https://wscwildcats.com/sb_output.aspx?frform=3,https://x.com/wsuwarriorsfb,https://www.lewisvillerecruiting.com/college-search-tool,2026-09-23,,900
waynesburg-university-pennsylvania-d3,Waynesburg University,D3,PAC,Waynesburg,Pennsylvania,https://waynesburgsports.com/sports/football/roster#sidearm-roster-coaches,https://waynesburgsports.com/sports/2022/5/20/2022-wu-summer-camps.aspx,https://waynesburgsports.com/sports/football,https://x.com/Waynesburg_FTBL,https://www.lewisvillerecruiting.com/college-search-tool,2026-09-23,https://a.espncdn.com/i/teamlogos/ncaa/500/2845.png,987
webber-international-university-florida-naia,Webber International University,NAIA,Sun,Babson Park,Florida,https://webberathletics.com/sports/football/coaches,https://webberathletics.com/sports/football,https://webberathletics.com/sports/football,https://x.com/webberfb,https://www.lewisvillerecruiting.com/college-search-tool,2026-09-23,,1080
weber-state-utah-d1-fcs,Weber State,D1-FCS,Big Sky,Ogden,Utah,https://weberstatesports.com/sports/football/coaches,https://weberstatesports.com/sports/2014/2/6/209398887,https://questionnaires.armssoftware.com/7d8f54310bb0,https://x.com/weberstatefb,https://www.lewisvillerecruiting.com/college-search-tool,2026-09-23,https://a.espncdn.com/i/teamlogos/ncaa/500/2692.png,872
wesleyan-university-connecticut-d3,Wesleyan University,D3,NESCAC,Middletown,Connecticut,https://athletics.wesleyan.edu/sports/football/roster#sidearm-roster-coaches,https://wesleyanfootballcamps.ryzerevents.com/index.cfm,https://athletics.wesleyan.edu/sports/2020/7/23/football-recruiting-form.aspx?path=football,https://x.com/wes_football,https://www.lewisvillerecruiting.com/college-search-tool,2026-09-23,,1396
west-chester-university-of-pennsylvania-pennsylvania-d2,West Chester University of Pennsylvania,D2,PSAC,West Chester,Pennsylvania,https://wcupagoldenrams.com/sports/football/coaches,https://wcusummerfootballcamps.totalcamps.com/About%20Us,https://questionnaires.armssoftware.com/023ce109bb90,https://x.com/WCUAthletics,https://www.lewisvillerecruiting.com/college-search-tool,2026-09-23,,1227
west-florida-florida-d1-fcs,West Florida,D1-FCS,UAC,Pensacola,Florida,https://goargos.com/sports/football/coaches,https://kalebnoblesfootballcampsandclinics.totalcamps.com/About%20Us,https://questionnaires.armssoftware.com/84258f3b2a4a,https://x.com/uwffootball,https://www.lewisvillerecruiting.com/college-search-tool,2026-09-23,https://a.espncdn.com/i/teamlogos/ncaa/500/110242.png,695
west-georgia-georgia-d1-fcs,West Georgia,D1-FCS,UAC,Carrollton,Georgia,https://uwgathletics.com/sports/football/coaches?path=football,https://uwgathletics.com/sports/2023/3/25/2022-summer-camps.aspx,https://questionnaires.armssoftware.com/483cff930a80,https://x.com/UWGFootball,https://www.lewisvillerecruiting.com/college-search-tool,2026-09-23,https://a.espncdn.com/i/teamlogos/ncaa/500/2698.png,719
west-hills-college-coalinga-california-juco,West Hills College - Coalinga,JUCO,Valley,Coalinga,California,https://www.westhillsfalcons.com/sports/fball/coaches/index,https://www.westhillsfalcons.com/sports/fball/index,https://www.westhillsfalcons.com/sports/fball,https://x.com/whc_falcons,https://www.lewisvillerecruiting.com/college-search-tool,2026-09-23,,1278
west-liberty-university-west-virginia-d2,West Liberty University,D2,MEC,West Liberty,West Virginia,https://hilltoppersports.com/sports/football/roster#sidearm-roster-coaches,https://hilltoppersports.com/sports/2020/7/6/2020-football-camp.aspx,https://www.fieldlevel.com/westliberty/football/recruiting,https://x.com/WLU_Football,https://www.lewisvillerecruiting.com/college-search-tool,2026-09-23,https://a.espncdn.com/i/teamlogos/ncaa/500/2699.png,970
west-los-angeles-college-california-juco,West Los Angeles College,JUCO,Metro,Culver City,California,https://www.westlacollegeathletics.com/sports/fball/coaches/index,https://www.westlacollegeathletics.com/sports/fball/index,https://www.fieldlevel.com/mtm4y4ff/football/recruiting,https://x.com/wlacathletics,https://www.lewisvillerecruiting.com/college-search-tool,2026-09-23,,1189
west-texas-a-m-university-texas-d2,West Texas A&M University,D2,LSC,Canyon,Texas,https://gobuffsgo.com/sports/football/coaches,https://gobuffsgo.com/sports/2022/2/22/2023-summer-camps.aspx,https://www.fieldlevel.com/wtamu/football/recruiting,https://x.com/WTAMUFootball,https://www.lewisvillerecruiting.com/college-search-tool,2026-09-23,,255
west-virginia-west-virginia-d1-fbs,West Virginia,D1-FBS,Big 12,Morgantown,West Virginia,https://wvusports.com/sports/football/coaches,https://wvusports.com/feature/footballcamps,https://wvusports.com/sports/football,https://x.com/WVUfootball,https://www.lewisvillerecruiting.com/college-search-tool,2026-09-23,https://a.espncdn.com/i/teamlogos/ncaa/500/277.png,995
west-virginia-state-university-west-virginia-d2,West Virginia State University,D2,MEC,Institute,West Virginia,https://wvsuyellowjackets.com/sports/football/coaches,https://wvsuyellowjackets.com/sports/2020/6/23/coach-john-penningtons-football-camp.aspx,https://wvsuyellowjackets.com/sports/football,https://x.com/wvsu_gojackets,https://www.lewisvillerecruiting.com/college-search-tool,2026-09-23,https://a.espncdn.com/i/teamlogos/ncaa/500/2707.png,886
west-virginia-wesleyan-college-west-virginia-d2,West Virginia Wesleyan College,D2,MEC,Buckhannon,West Virginia,https://wesleyanbobcats.com/sports/football/coaches,https://wesleyanbobcats.com/sports/football,https://www.fieldlevel.com/wvwc/football/recruiting,https://x.com/wvwcfb,https://www.lewisvillerecruiting.com/college-search-tool,2026-09-23,https://a.espncdn.com/i/teamlogos/ncaa/500/455.png,974
western-carolina-north-carolina-d1-fcs,Western Carolina,D1-FCS,Southern,Cullowhee,North Carolina,https://catamountsports.com/sports/football/roster/2022#sidearm-roster-coaches,https://catamountsports.com/sports/football,https://www.fieldlevel.com/tcjfmter/football/recruiting,https://x.com/CatamountsFB,https://www.lewisvillerecruiting.com/college-search-tool,2026-09-23,https://a.espncdn.com/i/teamlogos/ncaa/500/2717.png,804
western-connecticut-state-university-connecticut-d3,Western Connecticut State University,D3,LEC,Danbury,Connecticut,https://westconnathletics.com/sports/football/coaches,https://westconnathletics.com/sports/football,https://www.fieldlevel.com/nkw6pcdc/football/recruiting,https://x.com/WestConnFB,https://www.lewisvillerecruiting.com/college-search-tool,2026-09-23,https://a.espncdn.com/i/teamlogos/ncaa/500/2843.png,1353
western-illinois-illinois-d1-fcs,Western Illinois,D1-FCS,Ohio Valley,Macomb,Illinois,https://goleathernecks.com/sports/football/coaches,https://www.leatherneckfootballcamps.com/,https://questionnaires.armssoftware.com/fd26d6cd3735,https://x.com/WIUfootball,https://www.lewisvillerecruiting.com/college-search-tool,2026-09-23,https://a.espncdn.com/i/teamlogos/ncaa/500/2710.png,497
western-kentucky-kentucky-d1-fbs,Western Kentucky,D1-FBS,C-USA,Bowling Green,Kentucky,https://wkusports.com/sports/football/coaches,https://www.wkufootballcamps.com/,https://wkusports.com/sports/football,https://x.com/WKUFootball,https://www.lewisvillerecruiting.com/college-search-tool,2026-09-23,https://a.espncdn.com/i/teamlogos/ncaa/500/98.png,621
western-michigan-michigan-d1-fbs,Western Michigan,D1-FBS,MAC,Kalamazoo,Michigan,https://wmubroncos.com/sports/football/coaches,https://www.wmufootballcamps.com/,https://wmubroncos.com/sports/football,https://x.com/WMU_Football,https://www.lewisvillerecruiting.com/college-search-tool,2026-09-23,https://a.espncdn.com/i/teamlogos/ncaa/500/2711.png,785
western-new-england-university-massachusetts-d3,Western New England University,D3,CCC Football,Springfield,Massachusetts,https://wnegoldenbears.com/staff-directory/football-department/3,https://wnegoldenbears.com/sports/2024/4/24/Football-2024-one-day-camp.aspx,https://questionnaires.armssoftware.com/05931f86daa3,https://x.com/WNEFB,https://www.lewisvillerecruiting.com/college-search-tool,2026-09-23,https://a.espncdn.com/i/teamlogos/ncaa/500/2702.png,1405
western-new-mexico-university-new-mexico-d2,Western New Mexico University,D2,LSC,Silver City,New Mexico,https://wnmumustangs.com/sports/football/coaches,https://wnmumustangs.com/sports/football,https://questionnaires.armssoftware.com/fc6335185ee7,https://x.com/WNMUFootball,https://www.lewisvillerecruiting.com/college-search-tool,2026-09-23,https://a.espncdn.com/i/teamlogos/ncaa/500/2703.png,648
western-oregon-university-oregon-d2,Western Oregon University,D2,GNAC,Monmouth,Oregon,https://wouwolves.com/sports/football/coaches,https://wouwolves.com/sports/2019/3/18/wou-football-camps.aspx,https://www.fieldlevel.com/wou/football/recruiting,https://x.com/WOU_FB,https://www.lewisvillerecruiting.com/college-search-tool,2026-09-23,https://a.espncdn.com/i/teamlogos/ncaa/500/2848.png,1491
western-state-colorado-university-colorado-d2,Western State Colorado University,D2,RMAC,Gunnison,Colorado,https://gomountaineers.com/sports/football/coaches,https://gomountaineers.com/sports/2016/2/11/FBCAMP_0211160954.aspx,https://questionnaires.armssoftware.com/9cb22f20110b?path=football,https://x.com/mountaineerfb,https://www.lewisvillerecruiting.com/college-search-tool,2026-09-23,,557
westfield-state-university-massachusetts-d3,Westfield State University,D3,MASCAC,Westfield,Massachusetts,https://westfieldstateowls.com/sports/fball/coaches/index,https://westfieldstateowls.com/sports/fball,https://westfieldstateowls.com/sports/fball,https://x.com/wsuowlsfootball,https://www.lewisvillerecruiting.com/college-search-tool,2026-09-23,https://a.espncdn.com/i/teamlogos/ncaa/500/2909.png,1397
westminster-college-missouri-missouri-d3,Westminster College - Missouri,D3,SLIAC,Fulton,Missouri,https://wcbluejays.wcmo.edu/sports/football/coaches/2026,https://www.wcmo.edu/about/camps/athletic.html?_gl=1*1l0exct*_gcl_au*MTkzMDUzOTY2MS4xNzgzMzczMDQz,https://wcbluejays.wcmo.edu/sports/football,https://x.com/westmofb,https://www.lewisvillerecruiting.com/college-search-tool,2026-09-23,,376
westminster-college-pennsylvania-pennsylvania-d3,Westminster College - Pennsylvania,D3,PAC,New Wilmington,Pennsylvania,https://athletics.westminster.edu/sports/football/coaches,https://portal.campnetwork.com/Register/Register.php?camp_id=398667,https://athletics.westminster.edu/sports/football,https://x.com/wctitansfb,https://www.lewisvillerecruiting.com/college-search-tool,2026-09-23,,1000
wheaton-college-illinois-illinois-d3,Wheaton College - Illinois,D3,CCIW,Wheaton,Illinois,https://athletics.wheaton.edu/sports/football/coaches,https://athletics.wheaton.edu/sports/2009/1/22/_0122091305.aspx,https://athletics.wheaton.edu/sb_output.aspx?frform=2&path=football,https://x.com/wheatonfb,https://www.lewisvillerecruiting.com/college-search-tool,2026-09-23,,662
wheeling-university-west-virginia-d2,Wheeling University,D2,MEC,Wheeling,West Virginia,https://wucardinals.com/sports/football/coaches,https://wheelingfootball.totalcamps.com/About%20Us,https://wucardinals.com/sports/football,https://x.com/wheelingu_fb,https://www.lewisvillerecruiting.com/college-search-tool,2026-09-23,https://a.espncdn.com/i/teamlogos/ncaa/500/112335.png,962
whittier-college-california-d3,Whittier College,D3,SCIAC,Whittier,California,https://wcpoets.com/sports/football/coaches,https://wcpoets.com/sports/football,https://wcpoets.com/sports/2025/2/21/football-recruiting-questionnaire.aspx,https://x.com/Poetfootball,https://www.lewisvillerecruiting.com/college-search-tool,2026-09-23,https://a.espncdn.com/i/teamlogos/ncaa/500/2850.png,1170
whitworth-university-washington-d3,Whitworth University,D3,NWC,Spokane,Washington,https://whitworthpirates.com/sports/football/coaches,https://whitworthpirates.com/sports/2021/6/4/camps-football.aspx,https://www.fieldlevel.com/whitworth/football/recruiting,https://x.com/WhitworthFB,https://www.lewisvillerecruiting.com/college-search-tool,2026-09-23,https://a.espncdn.com/i/teamlogos/ncaa/500/2721.png,1316
widener-university-pennsylvania-d3,Widener University,D3,MAC,Chester,Pennsylvania,https://widenerpride.com/sports/football/coaches,https://widenerpride.com/sports/football,https://widenerpride.com/sb_output.aspx?frform=3&path=football&,https://x.com/Widener_FB,https://www.lewisvillerecruiting.com/college-search-tool,2026-09-23,https://a.espncdn.com/i/teamlogos/ncaa/500/2725.png,1239
wilkes-university-pennsylvania-d3,Wilkes University,D3,Landmark,Wilkes-Barre,Pennsylvania,https://gowilkesu.com/sports/football/coaches,https://gowilkesu.com/sports/2011/3/21/GEN_0321111734.aspx,https://questionnaires.armssoftware.com/75cc734a2252?path=football,https://x.com/wilkesfootball,https://www.lewisvillerecruiting.com/college-search-tool,2026-09-23,https://a.espncdn.com/i/teamlogos/ncaa/500/398.png,1227
willamette-university-oregon-d3,Willamette University,D3,NWC,Salem,Oregon,https://www.wubearcats.com/sports/fball/coaches/index,https://www.wubearcats.com/sports/fball,https://questionnaires.armssoftware.com/24361a9b53ef,https://x.com/WillametteFB,https://www.lewisvillerecruiting.com/college-search-tool,2026-09-23,https://a.espncdn.com/i/teamlogos/ncaa/500/2930.png,1483
william-mary-virginia-d1-fcs,William & Mary,D1-FCS,Patriot,Williamsburg,Virginia,https://tribeathletics.com/sports/football/roster#sidearm-roster-coaches,https://mikelondonfootballcamps.totalcamps.com/About%20Us,https://tribeathletics.com/sports/2015/10/6/FB_1006151426.aspx,https://x.com/WMTribeFootball,https://www.lewisvillerecruiting.com/college-search-tool,2026-09-23,https://a.espncdn.com/i/teamlogos/ncaa/500/2729.png,1157
william-jewell-college-missouri-d2,William Jewell College,D2,GLVC,Liberty,Missouri,https://jewellcardinals.com/sports/football,https://jewellcardinals.com/sports/2020/9/23/camps.aspx,https://questionnaires.armssoftware.com/00d4ac0b07e8,https://x.com/jewellfootball,https://www.lewisvillerecruiting.com/college-search-tool,2026-09-23,https://a.espncdn.com/i/teamlogos/ncaa/500/2911.png,300
william-paterson-university-of-new-jersey-new-jersey-d3,William Paterson University of New Jersey,D3,NJAC,Wayne,New Jersey,https://www.wpupioneers.com/sports/2007/10/29/FB_1029075025.aspx?path=football,https://www.wpupioneers.com/sports/football,https://www.wpupioneers.com/sb_output.aspx?form=20,https://x.com/wpufootball,https://www.lewisvillerecruiting.com/college-search-tool,2026-09-23,,1305
william-penn-university-iowa-naia,William Penn University,NAIA,Heart of America Athletic Conference,Oskaloosa,Iowa,https://www.statesmenathletics.com/sports/fball/coaches/index,https://www.statesmenathletics.com/sports/fball,https://app.winwontech.com/questionnaire/william-penn-university/football/r0ss2N4SKuXiY4AFqRGC,https://x.com/WPU_Football,https://www.lewisvillerecruiting.com/college-search-tool,2026-09-23,,469
william-woods-university-missouri-naia,William Woods University,NAIA,Heart of America Athletic Conference,Fulton,Missouri,https://wwuowls.com/sports/football/coaches,https://wwuowls.com/sports/football,https://wwuowls.com/sports/football,https://x.com/wwuowlsFB,https://www.lewisvillerecruiting.com/college-search-tool,2026-09-23,,376
williams-college-massachusetts-d3,Williams College,D3,NESCAC,Williamstown,Massachusetts,https://ephsports.williams.edu/sports/football/roster#sidearm-roster-coaches,https://www.purpleandgoldfootballcamps.com/one-day-camps.cfm,https://questionnaires.armssoftware.com/c2f11e14031e,https://x.com/williamsephsfb,https://www.lewisvillerecruiting.com/college-search-tool,2026-09-23,https://a.espncdn.com/i/teamlogos/ncaa/500/2731.png,1383
williamson-college-of-the-trades-pennsylvania-juco,Williamson College of the Trades,JUCO,Independent,Media,Pennsylvania,https://www.williamsonathletics.com/sports/fball/index,https://www.williamsonathletics.com/sports/fball/index,https://www.williamsonathletics.com/sports/fball,https://x.com/WilliamsonTrade,https://www.lewisvillerecruiting.com/college-search-tool,2026-09-23,,1238
wilmington-college-ohio-d3,Wilmington College,D3,OAC,Wilmington,Ohio,https://wilmingtonquakers.com/sports/football/coaches/,https://www.wilmingtonathleticcamps.com/,https://questionnaires.armssoftware.com/a17aa8f578b8,https://x.com/dubc_football,https://www.lewisvillerecruiting.com/college-search-tool,2026-09-23,,791
wingate-university-north-carolina-d2,Wingate University,D2,SAC,Wingate,North Carolina,https://wingatebulldogs.com/sports/football/coaches,https://wingatebulldogs.com/sports/2010/5/12/GEN_0512105803.aspx,https://questionnaires.armssoftware.com/32fa944328f7,https://x.com/WU_Bulldogs,https://www.lewisvillerecruiting.com/college-search-tool,2026-09-23,https://a.espncdn.com/i/teamlogos/ncaa/500/351.png,960
winona-state-university-minnesota-d2,Winona State University,D2,NSIC,Winona,Minnesota,https://winonastatewarriors.com/sports/football/coaches,https://winonastatewarriors.com/sports/football,https://winonastatewarriors.com/sports/football,https://x.com/WinonaStateATH,https://www.lewisvillerecruiting.com/college-search-tool,2026-09-23,https://a.espncdn.com/i/teamlogos/ncaa/500/2851.png,657
winston-salem-state-university-north-carolina-d2,Winston-Salem State University,D2,CIAA,Winston-Salem,North Carolina,https://wssurams.com/sports/football/coaches,https://wssurams.com/sports/football,https://www.fieldlevel.com/wssu/football/recruiting,https://x.com/wssuramfootball,https://www.lewisvillerecruiting.com/college-search-tool,2026-09-23,https://a.espncdn.com/i/teamlogos/ncaa/500/2736.png,964
wisconsin-wisconsin-d1-fbs,Wisconsin,D1-FBS,Big Ten,Madison,Wisconsin,https://uwbadgers.com/sports/football/coaches,http://uwcamps.com/sport.aspx?id=1,https://uwbadgers.com/sports/football,https://x.com/BadgerFootball,https://www.lewisvillerecruiting.com/college-search-tool,2026-09-23,https://a.espncdn.com/i/teamlogos/ncaa/500/275.png,669
wisconsin-lutheran-college-wisconsin-d3,Wisconsin Lutheran College,D3,NACC,Milwaukee,Wisconsin,https://wlcsports.com/sports/football/coaches,https://football.wlcsportscamps.com/,https://admissions.wlc.edu/register/athlete,https://x.com/WLC_Football,https://www.lewisvillerecruiting.com/college-search-tool,2026-09-23,https://a.espncdn.com/i/teamlogos/ncaa/500/2741.png,722
wittenberg-university-ohio-d3,Wittenberg University,D3,NCAC,Springfield,Ohio,https://www.wittenbergtigers.com/sports/fball/coaches/index,https://www.wittenbergtigers.com/sports/fball,https://www.wittenbergtigers.com/sports/fball,https://x.com/wittfootball,https://www.lewisvillerecruiting.com/college-search-tool,2026-09-23,https://a.espncdn.com/i/teamlogos/ncaa/500/2746.png,802
wofford-south-carolina-d1-fcs,Wofford,D1-FCS,Southern,Spartanburg,South Carolina,https://woffordterriers.com/sports/football/coaches,https://shawnwatsonfootballcamps.totalcamps.com/About%20Us,https://woffordterriers.com/sports/football,https://x.com/Wofford_FB,https://www.lewisvillerecruiting.com/college-search-tool,2026-09-23,https://a.espncdn.com/i/teamlogos/ncaa/500/2747.png,877
worcester-polytechnic-institute-massachusetts-d3,Worcester Polytechnic Institute,D3,NEWMAC,Worcester,Massachusetts,https://athletics.wpi.edu/sports/football/coaches,https://wpiathletic-clinics.com/,https://questionnaires.armssoftware.com/aa094039aa95,https://x.com/wpifootball,https://www.lewisvillerecruiting.com/college-search-tool,2026-09-23,,1447
worcester-state-university-massachusetts-d3,Worcester State University,D3,MASCAC,Worcester,Massachusetts,https://www.wsulancers.com/sports/fball/coaches/index,https://www.wsulancers.com/sports/fball,https://www.wsulancers.com/sports/fball,https://x.com/WSU_LancerFB,https://www.lewisvillerecruiting.com/college-search-tool,2026-09-23,https://a.espncdn.com/i/teamlogos/ncaa/500/402.png,1447
wyoming-wyoming-d1-fbs,Wyoming,D1-FBS,Mountain West,Laramie,Wyoming,https://gowyo.com/sports/football/coaches,https://wyomingfootballcamps.totalcamps.com/Content/43835,https://gowyo.com/sports/football,https://x.com/wyo_football,https://www.lewisvillerecruiting.com/college-search-tool,2026-09-23,https://a.espncdn.com/i/teamlogos/ncaa/500/2751.png,587
yale-connecticut-d1-fcs,Yale,D1-FCS,Ivy,New Haven,Connecticut,https://yalebulldogs.com/sports/football/coaches,https://www.elifootballcamps.com/,https://questionnaires.armssoftware.com/809330ccfb92,https://x.com/yalefootball,https://www.lewisvillerecruiting.com/college-search-tool,2026-09-23,https://a.espncdn.com/i/teamlogos/ncaa/500/43.png,1379
youngstown-state-ohio-d1-fcs,Youngstown State,D1-FCS,Missouri Valley,Youngstown,Ohio,https://ysusports.com/sports/football/coaches,https://www.penguinsfootballcamps.com/,https://ysusports.com/sports/football,https://x.com/ysufootball,https://www.lewisvillerecruiting.com/college-search-tool,2026-09-23,https://a.espncdn.com/i/teamlogos/ncaa/500/2754.png,984
yuba-college-california-juco,Yuba College,JUCO,Pacific 7,Marysville,California,https://yc.yccd.edu/athletics/sports/football/coaches-staff/,https://yc.yccd.edu/athletics/sports/football/,https://yc.yccd.edu/athletics/sports/football/,https://x.com/yubaathletics,https://www.lewisvillerecruiting.com/college-search-tool,2026-09-23,,1341
